timestamp,force_x,force_y,force_z,torque_x,torque_y,torque_z
0.1220,-106.754805,12.055289,2.474316,1.669550,-1.261944,0.220949
0.1410,-104.178573,18.379911,0.700364,0.308689,-0.016123,0.195427
0.1610,-104.198352,19.547991,0.368447,0.159271,0.103737,0.161377
0.1810,-105.583603,14.541454,1.914228,0.912810,-0.645406,0.134195
0.2010,-107.903581,6.959714,3.215749,2.284377,-1.315768,0.172934
0.2210,-107.996126,2.357273,2.512620,3.374060,-1.286221,0.244102
0.2410,-107.986233,21.912823,6.557467,1.764614,-1.288324,-0.155883
0.2610,-105.907091,15.560776,-0.203496,-0.563921,-0.813013,0.132634
0.2810,-101.491860,3.200258,2.869642,2.323278,1.584059,0.182023
0.3010,-101.832494,0.131322,1.509761,4.500545,1.410195,-0.308541
0.3210,-107.907672,2.670321,-0.058043,4.368200,-2.240141,-0.366691
0.3410,-102.446405,10.319851,1.717924,2.599373,0.790317,0.259088
0.3610,-105.166957,19.110653,2.022935,0.636177,-0.345769,0.061244
0.3810,-102.418176,22.377844,1.214642,-0.313727,0.705353,-0.141825
0.4010,-102.723194,19.820473,0.521861,0.082098,0.230440,0.019590
0.4210,-102.578373,12.907803,0.144742,1.340163,0.292086,0.223412
0.4410,-103.172091,8.096486,0.053975,2.532672,0.564757,0.025597
0.4610,-108.245141,6.316052,-2.899969,3.094005,0.305101,-0.113661
0.4810,-105.555020,8.535745,-2.693117,2.747822,-0.183635,0.115857
0.5010,-104.610304,13.316541,0.434651,1.796674,-0.461998,0.239087
0.5210,-102.572232,16.701898,1.946742,0.964965,0.531954,-0.035032
0.5410,-102.561274,16.693778,2.451633,0.782061,0.305545,-0.136151
0.5610,-102.044197,13.707406,2.448211,1.319113,0.211435,0.054526
0.5810,-100.367321,12.274920,2.908609,2.209089,0.453871,0.150733
0.6010,-102.940876,7.137480,2.053662,2.766573,0.396750,-0.040022
0.6210,-103.414073,7.186356,1.241154,2.904184,0.160777,-0.092677
0.6410,-105.073771,9.652933,0.519594,2.495149,-0.259500,0.003014
0.6610,-102.986639,12.781142,1.734664,1.822622,-0.109158,0.135938
0.6810,-102.336328,14.776776,2.388363,1.310376,0.399901,-0.019053
0.7010,-102.532295,14.753862,2.006209,1.235050,0.144077,-0.050253
0.7210,-102.066854,13.082744,1.507787,1.558222,0.170580,0.049995
0.7410,-102.126764,11.093403,1.076697,1.985427,0.313908,0.069832
0.7610,-102.616978,10.309750,0.525647,2.246127,0.183535,-0.010729
0.7810,-103.057676,11.152571,0.135721,2.160810,-0.008738,-0.023036
0.8010,-102.498682,12.950816,0.916137,1.805164,-0.153576,0.030792
0.8210,-102.664864,14.504598,0.625498,1.433333,0.038363,0.053352
0.8410,-102.355038,15.016989,0.978002,1.268446,0.139860,0.017444
0.8610,-102.042714,14.102161,1.149908,1.401543,0.121604,0.006580
0.8810,-101.836792,12.426711,1.347366,1.731894,0.209905,0.027180
0.9010,-101.958453,10.881352,1.470535,2.064534,0.222824,0.021920
0.9210,-102.177412,10.249147,1.490231,2.232429,0.132495,-0.001027
0.9410,-102.333459,10.602907,1.616232,2.188048,0.055316,-0.001728
0.9610,-102.237922,11.510622,1.917740,2.001826,0.046958,0.013481
0.9810,-102.023782,12.280385,2.202919,1.815587,0.084050,0.017759
1.0010,-101.777556,12.483471,2.295947,1.745545,0.110253,0.013339
1.0210,-101.509886,12.044485,2.203056,1.818152,0.149450,0.015719
1.0410,-101.357850,11.386082,1.988746,1.962659,0.182314,0.018120
1.0610,-101.466264,11.055622,1.679894,2.064895,0.154115,0.012109
1.0810,-101.642910,11.300028,1.377658,2.050529,0.090418,0.007118
1.1010,-101.700705,12.034172,1.187034,1.921908,0.048941,0.009962
1.1210,-101.613430,12.880598,1.087311,1.748287,0.049923,0.013976
1.1410,-101.472036,13.465772,1.013747,1.619099,0.066358,0.014646
1.1610,-101.186165,13.547201,0.955725,1.588707,0.096770,0.015707
1.1810,-101.025795,13.208959,0.933798,1.650445,0.142422,0.016699
1.2010,-100.876774,12.718849,0.957304,1.753884,0.156879,0.013001
1.2210,-100.979956,12.316997,1.013078,1.839274,0.130522,0.007884
1.2410,-101.096747,12.190277,1.134011,1.870686,0.092290,0.007403
1.2610,-101.106243,12.239752,1.334078,1.856728,0.074546,0.009620
1.2810,-101.002622,12.298932,1.560557,1.831650,0.081004,0.009965
1.3010,-100.825693,12.203160,1.772509,1.832881,0.102520,0.008976
1.3210,-100.714906,11.969979,1.924596,1.872120,0.130308,0.008706
1.3410,-100.498534,11.685558,2.007188,1.931879,0.146480,0.008365
1.3610,-100.457416,11.476110,2.012610,1.982493,0.144009,0.006785
1.3810,-100.483174,11.441767,1.960364,1.998897,0.124259,0.005461
1.4010,-100.495571,11.609983,1.876871,1.973281,0.102468,0.005855
1.4210,-100.454638,11.901878,1.779262,1.919837,0.091710,0.007011
1.4410,-100.359375,12.207931,1.666336,1.860818,0.092294,0.007670
1.4610,-100.227122,12.433094,1.535189,1.815812,0.100457,0.008153
1.4810,-100.091093,12.608348,1.398347,1.792215,0.111320,0.008662
1.5010,-99.996577,12.610447,1.259299,1.787432,0.119595,0.008291
1.5210,-99.952550,12.652924,1.147062,1.785535,0.115563,0.007118
1.5410,-99.941500,12.763732,1.083424,1.777261,0.104563,0.006356
1.5610,-99.919494,12.831054,1.083163,1.764802,0.096523,0.006310
1.5810,-99.862233,12.855747,1.147083,1.756800,0.095579,0.006264
1.6010,-99.768442,12.795696,1.254483,1.763322,0.102222,0.005874
1.6210,-99.657326,12.631683,1.387340,1.788548,0.113135,0.005209
1.6410,-99.557180,12.351987,1.529981,1.828400,0.123088,0.004320
1.6610,-99.489034,12.135262,1.648645,1.871019,0.126294,0.003351
1.6810,-99.445662,11.967652,1.753441,1.907593,0.124058,0.002489
1.7010,-99.410538,11.889696,1.834844,1.925833,0.117147,0.002068
1.7210,-99.358862,11.887736,1.892350,1.926037,0.112349,0.002137
1.7410,-99.284336,11.938262,1.918025,1.915889,0.111930,0.002186
1.7610,-99.193344,11.993387,1.906322,1.904933,0.114590,0.002115
1.7810,-99.100575,12.055286,1.851139,1.895350,0.117145,0.002077
1.8010,-99.016374,12.122113,1.763528,1.886592,0.118609,0.002107
1.8210,-98.949110,12.217632,1.655773,1.873685,0.116826,0.001920
1.8410,-98.894690,12.349896,1.543049,1.853498,0.112281,0.001686
1.8610,-98.841289,12.503259,1.440636,1.827113,0.107666,0.001667
1.8810,-98.778825,12.642263,1.355428,1.800296,0.105458,0.001760
1.9010,-98.706481,12.801937,1.299187,1.779591,0.105569,0.001754
1.9210,-98.624933,12.846297,1.275208,1.771271,0.109173,0.001501
1.9410,-98.546286,12.828621,1.290790,1.773396,0.112465,0.001116
1.9610,-98.473481,12.703413,1.334337,1.786144,0.116030,0.000566
1.9810,-98.411084,12.595697,1.404256,1.805184,0.117229,-0.000160
2.0010,-98.354049,12.477857,1.493191,1.826257,0.116756,-0.000841
2.0210,-98.294841,12.376022,1.587387,1.846361,0.116423,-0.001349
2.0410,-98.226904,12.276248,1.683994,1.865077,0.117541,-0.001801
2.0610,-98.152587,12.199468,1.768015,1.880636,0.119016,-0.002295
2.0810,-98.075044,12.145256,1.831044,1.890928,0.120418,-0.002620
2.1010,-97.997670,12.117013,1.869919,1.897179,0.122001,-0.002849
2.1210,-97.925879,12.114738,1.878574,1.898520,0.121889,-0.003081
2.1410,-97.857874,12.136674,1.857518,1.896240,0.120847,-0.003254
2.1610,-97.793206,12.196802,1.811083,1.888416,0.118464,-0.003378
2.1810,-97.726973,12.277782,1.746656,1.875219,0.116265,-0.003365
2.2010,-97.657621,12.379950,1.672813,1.858651,0.114907,-0.003414
2.2210,-97.585881,12.487802,1.597210,1.840246,0.113966,-0.003502
2.2410,-97.511977,12.585709,1.528152,1.822778,0.114003,-0.003568
2.2610,-97.438533,12.660803,1.467440,1.808596,0.114605,-0.003698
2.2810,-97.368019,12.705443,1.432615,1.800318,0.115483,-0.003935
2.3010,-97.300848,12.726337,1.416116,1.797823,0.115942,-0.004343
2.3210,-97.235565,12.718568,1.427539,1.798863,0.115980,-0.004679
2.3410,-97.168563,12.682140,1.465249,1.804631,0.117129,-0.005058
2.3610,-97.100537,12.619807,1.521983,1.815068,0.118439,-0.005587
2.3810,-97.031603,12.547613,1.587864,1.828671,0.119575,-0.006102
2.4010,-96.960844,12.463460,1.658848,1.844244,0.121243,-0.006486
2.4210,-96.890256,12.385802,1.726511,1.860743,0.122815,-0.006984
2.4410,-96.822066,12.327694,1.783813,1.873049,0.122724,-0.007438
2.4610,-96.752778,12.290981,1.826999,1.880454,0.122775,-0.007703
2.4810,-96.683059,12.280890,1.853591,1.883261,0.122682,-0.007947
2.5010,-96.612604,12.288109,1.858999,1.882469,0.122274,-0.008173
2.5210,-96.540903,12.312790,1.843929,1.879306,0.121949,-0.008330
2.5410,-96.469176,12.355907,1.811317,1.873529,0.121395,-0.008456
2.5610,-96.398383,12.416114,1.765157,1.864320,0.120513,-0.008595
2.5810,-96.327958,12.484870,1.712162,1.853071,0.119904,-0.008725
2.6010,-96.258745,12.559708,1.658418,1.840807,0.119134,-0.008874
2.6210,-96.189792,12.630283,1.609423,1.828524,0.118420,-0.009001
2.6410,-96.119880,12.685507,1.571357,1.818381,0.118475,-0.009162
2.6610,-96.049727,12.717582,1.546354,1.811673,0.118906,-0.009403
2.6810,-95.979665,12.726383,1.536536,1.810199,0.119860,-0.009712
2.7010,-95.911021,12.717682,1.547482,1.812391,0.120436,-0.010105
2.7210,-95.842839,12.694508,1.573593,1.816506,0.120933,-0.010434
2.7410,-95.774202,12.658670,1.612822,1.823313,0.122112,-0.010831
2.7610,-95.705429,12.605663,1.661744,1.832933,0.123207,-0.011284
2.7810,-95.636562,12.551522,1.713198,1.844540,0.124037,-0.011727
2.8010,-95.567580,12.501821,1.762162,1.854904,0.124389,-0.012062
2.8210,-95.497462,12.460823,1.805005,1.863190,0.124994,-0.012383
2.8410,-95.427420,12.434602,1.837888,1.868836,0.125284,-0.012741
2.8610,-95.357396,12.424426,1.857099,1.871573,0.125144,-0.013018
2.8810,-95.286731,12.428327,1.861720,1.871826,0.125016,-0.013204
2.9010,-95.216078,12.447601,1.851738,1.869646,0.124710,-0.013393
2.9210,-95.145470,12.479967,1.829015,1.865060,0.124221,-0.013579
2.9410,-95.075071,12.526507,1.797319,1.858248,0.123667,-0.013761
2.9610,-95.004963,12.579881,1.760329,1.849539,0.123095,-0.013911
2.9810,-94.934779,12.633705,1.722720,1.840511,0.122824,-0.014071
3.0010,-94.864958,12.682720,1.688681,1.832214,0.122631,-0.014261
3.0210,-94.795340,12.721208,1.661331,1.825383,0.122596,-0.014453
3.0410,-94.725649,12.744283,1.644243,1.821190,0.122983,-0.014680
3.0610,-94.656598,12.753487,1.638951,1.819683,0.123374,-0.014978
3.0810,-94.587854,12.749747,1.646371,1.820717,0.123846,-0.015307
3.1010,-94.519200,12.733228,1.665025,1.823854,0.124433,-0.015636
3.1210,-94.450124,12.707059,1.693788,1.829365,0.125249,-0.016008
3.1410,-94.381210,12.676676,1.728609,1.835743,0.125770,-0.016386
3.1610,-94.311353,12.640455,1.766102,1.842833,0.126556,-0.016722
3.1810,-94.241447,12.605324,1.802611,1.850099,0.127264,-0.017082
3.2010,-94.172031,12.576500,1.834108,1.856303,0.127509,-0.017422
3.2210,-94.102415,12.557026,1.858429,1.860774,0.127632,-0.017692
3.2410,-94.032542,12.547975,1.873376,1.863251,0.127684,-0.017950
3.2610,-93.962630,12.551306,1.877894,1.863700,0.127542,-0.018210
3.2810,-93.892619,12.566667,1.872075,1.862030,0.127234,-0.018423
3.3010,-93.822349,12.592613,1.857318,1.858425,0.126924,-0.018593
3.3210,-93.751883,12.625874,1.835892,1.853371,0.126671,-0.018772
3.3410,-93.681623,12.664687,1.810574,1.847385,0.126414,-0.018984
3.3610,-93.611657,12.704147,1.784455,1.840975,0.126185,-0.019174
3.3810,-93.541913,12.739227,1.760505,1.835058,0.126144,-0.019362
3.4010,-93.472527,12.766784,1.741430,1.830455,0.126221,-0.019581
3.4210,-93.403443,12.785611,1.729425,1.827418,0.126337,-0.019827
3.4410,-93.334315,12.794551,1.725966,1.826114,0.126637,-0.020092
3.4610,-93.265175,12.793767,1.731427,1.826569,0.127083,-0.020392
3.4810,-93.196164,12.785151,1.745380,1.828656,0.127568,-0.020719
3.5010,-93.127048,12.767154,1.766002,1.832203,0.128127,-0.021030
3.5210,-93.057815,12.744816,1.791402,1.837032,0.128719,-0.021362
3.5410,-92.988671,12.720832,1.818753,1.842173,0.129127,-0.021693
3.5610,-92.919269,12.697449,1.845638,1.847152,0.129551,-0.022005
3.5810,-92.798210,12.217295,1.727792,1.866688,0.120224,0.000073
3.6010,-92.732172,12.693227,1.892475,1.848225,0.140076,-0.043600
3.6210,-92.689620,12.664624,1.909810,1.861091,0.137251,-0.039899
3.6410,-92.650898,12.667004,1.898394,1.857469,0.119804,-0.005364
3.6610,-92.532410,12.737900,1.885681,1.847691,0.131833,-0.022489
3.6810,-92.465838,12.690269,1.906706,1.857287,0.145700,-0.054975
3.7010,-92.436641,12.727989,1.876798,1.851427,0.122056,-0.018421
3.7210,-92.422009,12.650687,1.881282,1.835267,0.109190,0.016122
3.7410,-92.240396,12.764502,1.857944,1.839777,0.146429,-0.053571
3.7610,-92.212647,12.810464,1.833310,1.839756,0.131949,-0.039428
3.7810,-91.410745,14.430641,2.029868,1.881025,0.098707,0.027044
3.8010,-92.039186,12.886862,1.799172,1.823588,0.135201,-0.030813
3.8210,-91.984996,12.844788,1.815355,1.833814,0.142955,-0.053590
3.8410,-91.950233,12.857197,1.804415,1.831370,0.121812,-0.017059
3.8610,-91.870826,12.871805,1.798378,1.825203,0.119269,-0.000050
3.8810,-91.760703,12.820978,1.847127,1.836071,0.148380,-0.056132
3.9010,-91.734732,12.828085,1.854346,1.839455,0.129511,-0.032866
3.9210,-91.805827,12.600735,1.836601,1.837557,0.110437,0.019177
3.9410,-91.550755,12.795811,1.899474,1.839911,0.143285,-0.044670
3.9610,-91.511212,12.778680,1.919210,1.851203,0.140151,-0.048269
3.9810,-91.467494,12.770088,1.919390,1.850935,0.123109,-0.013950
4.0010,-91.355176,12.825556,1.918707,1.844376,0.132746,-0.024865
4.0210,-91.288259,12.762623,1.950983,1.855418,0.146597,-0.054556
4.0410,-91.254939,12.781110,1.936707,1.852574,0.126137,-0.024266
4.0610,-91.164829,12.849023,1.907526,1.843705,0.123899,-0.010912
4.0810,-91.071251,12.798283,1.935945,1.849804,0.147535,-0.053431
4.1010,-91.041818,12.834399,1.913594,1.845760,0.129384,-0.031568
4.1210,-90.967569,12.878595,1.881505,1.835327,0.119457,-0.006952
4.1410,-90.861747,12.859330,1.900154,1.839729,0.146003,-0.050296
4.1610,-90.831142,12.891511,1.882457,1.837145,0.131485,-0.034586
4.1810,-90.750486,12.962156,1.850215,1.827967,0.122821,-0.015277
4.2010,-90.657208,12.897412,1.883605,1.835573,0.145508,-0.048884
4.2210,-90.748127,12.722164,1.854042,1.830221,0.119163,-0.007405
4.2410,-90.520302,12.918620,1.887392,1.829698,0.136269,-0.039088
4.2610,-90.473401,12.899410,1.900908,1.838498,0.138846,-0.038646
4.2810,-90.392400,12.958149,1.895151,1.831180,0.130484,-0.032465
4.3010,-90.323872,12.877532,1.931646,1.843679,0.142176,-0.043856
4.3210,-90.275482,12.906121,1.925405,1.837900,0.124184,-0.018988
4.3410,-90.176760,12.855195,1.961704,1.846904,0.143172,-0.046284
4.3610,-90.174453,12.782904,1.991162,1.839609,0.122045,-0.015739
4.3810,-90.037140,12.851312,1.980786,1.847297,0.140807,-0.045244
4.4010,-90.112484,12.677371,1.959348,1.846563,0.125128,-0.011988
4.4210,-89.899925,12.878474,1.982067,1.843900,0.137616,-0.042849
4.4410,-89.267701,14.309826,2.182769,1.894484,0.121455,-0.009879
4.4610,-89.765747,12.938190,1.963627,1.839013,0.133497,-0.037989
4.4810,-89.706165,12.903719,1.968499,1.846013,0.140912,-0.043106
4.5010,-89.635123,12.995526,1.936547,1.835214,0.129787,-0.031406
4.5210,-89.560229,12.933260,1.954102,1.841360,0.142401,-0.046165
4.5410,-89.501428,13.016850,1.923257,1.832278,0.128977,-0.029557
4.5610,-89.420038,12.956559,1.944686,1.837733,0.142020,-0.046296
4.5810,-89.370187,13.005529,1.925338,1.830497,0.127196,-0.025539
4.6010,-89.279823,12.966481,1.947287,1.836114,0.142422,-0.047598
4.6210,-89.241829,12.960872,1.948955,1.830238,0.125915,-0.023430
4.6410,-89.141103,12.964390,1.961661,1.836810,0.142018,-0.047736
4.6610,-89.125131,12.897316,1.990536,1.831276,0.125098,-0.021268
4.6810,-89.003075,12.956274,1.983440,1.838792,0.141417,-0.047808
4.7010,-88.984025,12.885032,2.014579,1.835213,0.126967,-0.024009
4.7210,-88.865976,12.945837,2.006012,1.842352,0.141423,-0.048086
4.7410,-88.845501,12.878054,2.033983,1.838215,0.126756,-0.023508
4.7610,-88.728256,12.942291,2.021944,1.844462,0.141632,-0.048378
4.7810,-88.705938,12.881205,2.045194,1.839416,0.127286,-0.024935
4.8010,-88.590608,12.950839,2.027695,1.844553,0.141530,-0.048769
4.8210,-88.566587,12.896633,2.045554,1.838461,0.127283,-0.025250
4.8410,-88.452726,12.970385,2.023651,1.842543,0.141437,-0.048996
4.8610,-88.426969,12.920738,2.038164,1.835804,0.127518,-0.026132
4.8810,-88.314952,12.995526,2.014333,1.839433,0.141390,-0.049340
4.9010,-88.287741,12.946764,2.028404,1.832697,0.127691,-0.026709
4.9210,-88.177559,13.018863,2.005855,1.836500,0.141408,-0.049605
4.9410,-88.129756,13.020248,2.001494,1.832367,0.130342,-0.031407
4.9610,-88.041591,13.032086,2.003885,1.836151,0.142213,-0.050039
4.9810,-87.986333,13.076270,1.989825,1.832449,0.131828,-0.033903
5.0010,-87.906457,13.036165,2.010239,1.837178,0.142999,-0.049988
5.0210,-87.844818,13.102791,1.995772,1.833212,0.133911,-0.038154
5.0410,-87.772279,13.032788,2.024284,1.839599,0.143373,-0.049833
5.0610,-87.704388,13.103333,2.013818,1.834768,0.135291,-0.041323
5.0810,-87.638704,13.025929,2.041636,1.842407,0.143436,-0.049245
5.1010,-87.564733,13.088923,2.036386,1.836615,0.136702,-0.044579
5.1210,-87.064570,14.290987,2.240418,1.887464,0.128729,-0.020705
5.1410,-87.426146,13.072541,2.055367,1.838187,0.137900,-0.047122
5.1610,-87.463733,12.873435,2.056639,1.841025,0.134811,-0.030731
5.1810,-87.287035,13.050456,2.069611,1.840067,0.140630,-0.051083
5.2010,-87.246154,12.985525,2.090420,1.837500,0.131537,-0.033566
5.2210,-87.150681,13.050807,2.070275,1.841140,0.142312,-0.051814
5.2410,-87.090822,13.097284,2.053271,1.838147,0.134586,-0.039326
5.2610,-87.016986,13.066170,2.064519,1.840761,0.143409,-0.052017
5.2810,-86.948638,13.146803,2.043970,1.834731,0.136663,-0.044860
5.3010,-86.481053,14.308288,2.236501,1.881632,0.129593,-0.023263
5.3210,-86.808854,13.140889,2.050664,1.832185,0.138578,-0.049428
5.3410,-86.842394,12.953277,2.049688,1.833649,0.135419,-0.033251
5.3610,-86.671596,13.122368,2.060321,1.833017,0.140763,-0.052215
5.3810,-86.611346,13.105769,2.064422,1.833238,0.134926,-0.040189
5.4010,-86.537592,13.107755,2.070736,1.837084,0.143440,-0.053424
5.4210,-86.469571,13.174853,2.059830,1.834004,0.137947,-0.047014
5.4410,-86.418088,12.747006,1.959570,1.847167,0.141677,-0.037148
5.4610,-86.330595,13.134786,2.087546,1.835464,0.140723,-0.052672
5.4810,-86.278854,13.056039,2.116825,1.835367,0.134351,-0.039411
5.5010,-86.196016,13.106644,2.104477,1.840117,0.143201,-0.054166
5.5210,-86.130073,13.166925,2.091767,1.838706,0.137968,-0.046383
5.5410,-85.706506,14.270092,2.283398,1.884300,0.131478,-0.026705
5.5610,-85.990169,13.156040,2.108405,1.837304,0.140102,-0.052358
5.5810,-85.933290,13.071215,2.135508,1.836536,0.135538,-0.042145
5.6010,-85.855259,13.127472,2.117157,1.839971,0.143463,-0.055291
5.6210,-85.786449,13.197543,2.100290,1.836700,0.139195,-0.050091
5.6410,-85.809888,13.003306,2.109111,1.835754,0.137858,-0.039410
5.6610,-85.649370,13.165421,2.112613,1.835496,0.142054,-0.055298
5.6810,-85.583192,13.196517,2.100180,1.835491,0.138141,-0.047223
5.7010,-85.189428,14.286136,2.278279,1.878550,0.131948,-0.028789
5.7210,-85.445053,13.211241,2.106704,1.832578,0.140721,-0.054151
5.7410,-85.384135,13.130966,2.133238,1.831866,0.136148,-0.044211
5.7610,-85.312652,13.177452,2.118337,1.835630,0.143627,-0.056228
5.7810,-85.242340,13.241090,2.107912,1.833608,0.140059,-0.052158
5.8010,-85.210437,13.094961,2.166094,1.831037,0.137342,-0.044988
5.8210,-85.107696,13.185788,2.133692,1.836202,0.143611,-0.057208
5.8410,-85.038220,13.241288,2.125057,1.835519,0.140686,-0.053275
5.8610,-85.005190,13.097991,2.183060,1.832948,0.137478,-0.045386
5.8810,-84.905249,13.186286,2.150210,1.837896,0.143608,-0.057337
5.9010,-84.834717,13.242788,2.140772,1.837044,0.141108,-0.054272
5.9210,-84.799519,13.073103,2.192387,1.834734,0.138397,-0.046839
5.9410,-84.702516,13.167175,2.157108,1.838561,0.143698,-0.058140
5.9610,-84.631407,13.229791,2.145941,1.836757,0.141235,-0.054777
5.9810,-84.562183,13.129169,2.177177,1.834944,0.138497,-0.049248
6.0010,-84.222284,14.234904,2.319302,1.877916,0.133506,-0.033182
6.0210,-84.428595,13.230008,2.154977,1.834536,0.142205,-0.057775
6.0410,-84.358327,13.233713,2.149078,1.835767,0.140739,-0.053085
6.0610,-84.376047,13.065877,2.159332,1.832466,0.140785,-0.047387
6.0810,-84.228706,13.221030,2.159400,1.834095,0.143457,-0.059007
6.1010,-84.157618,13.272145,2.148736,1.833703,0.141950,-0.056770
6.1210,-84.082622,13.218324,2.162145,1.833908,0.140479,-0.053614
6.1410,-84.104119,13.087256,2.166996,1.831145,0.141320,-0.049541
6.1610,-83.959550,13.236727,2.168787,1.833779,0.143740,-0.059579
6.1810,-83.888832,13.304474,2.167379,1.830815,0.142375,-0.058781
6.2010,-83.821017,13.367418,2.175315,1.822076,0.140064,-0.056012
6.2210,-83.853194,13.229527,2.246676,1.793579,0.137441,-0.050137
6.2410,-83.478426,14.587932,2.374625,1.823282,0.134532,-0.042176
6.2610,-83.626953,13.637835,2.228287,1.778685,0.145389,-0.058474
6.2810,-83.556762,13.635634,2.221413,1.782604,0.143103,-0.058921
6.3010,-83.494928,13.457461,2.245161,1.795205,0.146158,-0.058558
6.3210,-83.541009,13.197520,2.301007,1.799478,0.143427,-0.051248
6.3410,-83.251663,13.830553,2.285259,1.855262,0.135664,-0.029841
6.3610,-83.340350,13.389420,2.286238,1.815595,0.144949,-0.065280
6.3810,-83.270724,13.433407,2.302280,1.815570,0.145236,-0.063995
6.4010,-83.189511,13.409329,2.327182,1.819267,0.146674,-0.061995
6.4210,-83.085757,13.251994,2.392336,1.823822,0.147087,-0.059027
6.4410,-83.153690,12.736790,2.354030,1.830322,0.151772,-0.047962
6.4610,-82.847345,13.619706,2.469967,1.892628,0.147724,-0.035164
6.4810,-82.731955,14.081460,2.627913,1.907658,0.146462,-0.042254
6.5010,-82.859336,13.097460,2.489078,1.876318,0.152678,-0.064348
6.5210,-82.779480,13.133468,2.502473,1.877224,0.153933,-0.070578
6.5410,-82.690223,13.135628,2.528066,1.878361,0.157347,-0.071692
6.5610,-82.572512,13.031674,2.577175,1.876824,0.153519,-0.063063
6.5810,-82.502358,12.939360,2.635721,1.869451,0.150970,-0.061413
6.6010,-82.519894,12.572117,2.558519,1.862560,0.155027,-0.054154
6.6210,-82.375675,13.485391,2.649059,1.900322,0.152450,-0.036806
6.6410,-82.213255,13.686597,2.625866,1.895256,0.149224,-0.039066
6.6610,-82.105129,14.283622,2.743626,1.878996,0.146829,-0.050396
6.6810,-82.461644,13.477141,2.560268,1.824964,0.146169,-0.081069
6.7010,-83.182690,13.506613,2.451712,1.817644,0.051267,-0.087752
6.7210,-84.090774,13.312361,2.284198,1.823246,-0.124082,-0.068734
6.7410,-84.689497,13.496708,2.133253,1.862184,-0.257750,-0.021669
6.7610,-84.838156,13.700026,1.751344,1.860237,-0.269837,-0.048537
6.7810,-84.524493,13.809271,1.464824,1.859390,-0.192519,-0.045534
6.8010,-68.859423,12.960803,1.110198,1.811281,-0.443739,-0.752319
6.8210,-81.931265,12.641740,4.873197,1.805011,-1.495198,-0.143739
6.8410,-84.705990,13.493017,4.568038,1.865692,-1.498997,0.819637
6.8610,-84.586548,13.147895,4.456704,1.793313,-1.485509,0.134775
6.8810,-83.905481,12.577101,4.430044,1.805113,-1.415399,-0.419677
6.9010,-64.935312,11.949128,5.719898,1.881102,-1.595602,-0.775815
6.9210,-62.863717,12.278702,5.529487,1.877404,-1.750486,0.043908
6.9410,-76.068558,13.712272,0.678588,1.878207,0.931384,0.703329
6.9610,-77.894771,13.767757,1.402309,1.840518,0.950777,0.076288
6.9810,-77.827647,13.419405,1.684507,1.819152,0.825213,-0.319004
7.0010,-78.172476,13.424297,1.849351,1.843764,0.586740,0.007936
7.0210,-79.015466,13.806645,2.114378,1.848387,0.402647,0.159358
7.0410,-80.166301,14.741191,2.620243,1.751428,0.284547,-0.431360
7.0610,-81.116997,11.985583,2.677526,1.896443,0.182230,-0.135219
7.0810,-81.342466,11.985324,3.220598,2.223345,0.006372,0.043503
7.1010,-80.821795,13.193984,3.677126,2.092569,-0.003337,0.006662
7.1210,-79.940193,14.184611,4.379753,1.764685,0.284697,-0.084553
7.1410,-79.679322,14.452607,5.010731,1.594876,0.399020,-0.098773
7.1610,-79.832444,14.734077,5.711790,1.670971,0.304728,0.023390
7.1810,-79.969009,14.190448,6.391796,1.742665,0.269176,-0.014635
7.2010,-80.263508,13.345974,7.134320,1.889500,0.262213,-0.084305
7.2210,-80.720881,12.608509,7.818782,2.000614,0.202109,-0.097299
7.2410,-80.740401,13.063518,8.704089,2.036970,0.158367,-0.023578
7.2610,-80.766661,13.646456,9.545098,1.910884,0.180907,-0.065274
7.2810,-80.852751,14.344062,10.402758,1.771783,0.192792,-0.078775
7.3010,-81.180639,14.690828,11.262289,1.699349,0.163749,-0.034717
7.3210,-81.346541,14.658559,12.089685,1.698313,0.129732,-0.031644
7.3410,-81.506961,14.165018,12.961012,1.779930,0.126600,-0.063363
7.3610,-81.532715,13.676515,13.864620,1.890189,0.132647,-0.061479
7.3810,-81.386736,13.475616,14.802890,1.950428,0.156597,-0.047978
7.4010,-81.105549,13.658843,15.777307,1.921894,0.210071,-0.046722
7.4210,-80.904589,13.999424,16.805605,1.834484,0.260505,-0.040466
7.4410,-80.918194,14.252005,17.895182,1.772439,0.287609,-0.033721
7.4610,-81.207520,13.716355,19.218469,1.848516,0.303959,-0.027256
7.4810,-81.530840,14.988681,20.700810,1.696052,0.293860,-0.064856
7.5010,-81.612968,13.179514,21.981446,1.726875,0.328305,-0.071069
7.5210,-81.772408,12.620446,23.225993,1.967108,0.373515,-0.068118
7.5410,-81.913535,13.003742,24.402873,2.025543,0.396527,-0.097823
7.5610,-82.166979,13.337266,25.422760,1.844356,0.432664,-0.133958
7.5810,-82.252963,14.388579,26.601939,1.752063,0.439752,-0.056953
7.6010,-82.469498,14.407210,27.547463,1.655246,0.425134,-0.069902
7.6210,-82.731898,14.227685,28.558662,1.659907,0.427904,-0.097839
7.6410,-83.077751,13.658533,29.585669,1.775947,0.444558,-0.061956
7.6610,-83.227072,13.309935,30.579992,1.868561,0.451467,-0.066211
7.6810,-83.409546,13.202371,31.564637,1.894597,0.476910,-0.098188
7.7010,-83.696326,13.575839,32.544065,1.870118,0.495634,-0.078001
7.7210,-83.918493,13.876520,33.482200,1.770826,0.492932,-0.065542
7.7410,-84.220404,14.208763,34.428024,1.685670,0.502434,-0.092653
7.7610,-84.590968,14.173923,35.394580,1.678027,0.510471,-0.067850
7.7810,-84.889176,14.030960,36.315660,1.702901,0.513143,-0.071072
7.8010,-85.182229,13.655400,37.248601,1.766067,0.533278,-0.089183
7.8210,-85.592705,13.191029,38.106643,1.800181,0.553138,-0.112088
7.8410,-85.800436,13.351732,39.060515,1.845170,0.554707,-0.060006
7.8610,-86.099363,13.538255,39.922594,1.795047,0.567718,-0.089961
7.8810,-86.496867,13.913327,40.777692,1.759496,0.581584,-0.080445
7.9010,-86.775337,13.946732,41.584317,1.706997,0.581949,-0.065883
7.9210,-87.098402,13.935118,42.389108,1.687639,0.597831,-0.087394
7.9410,-87.510057,14.146721,43.237967,1.727928,0.612479,-0.084465
7.9610,-87.808891,13.573543,43.936751,1.757602,0.619484,-0.063108
7.9810,-88.162870,13.450102,44.677436,1.767730,0.631270,-0.085993
8.0010,-88.750350,13.287024,45.331412,1.744718,0.642503,-0.112655
8.0210,-88.942306,13.599128,46.085454,1.744653,0.638409,-0.060605
8.0410,-89.312336,13.745727,46.767231,1.691518,0.648489,-0.087337
8.0610,-89.906739,13.659441,47.382936,1.648703,0.663271,-0.113607
8.0810,-90.082619,13.768574,48.103065,1.676845,0.666156,-0.058897
8.1010,-90.444132,13.641784,48.754405,1.676619,0.683148,-0.086140
8.1210,-90.998739,13.301719,49.336579,1.678065,0.699588,-0.115572
8.1410,-91.236849,13.408645,50.004711,1.723647,0.698442,-0.056212
8.1610,-91.628428,13.416832,50.594381,1.699810,0.708200,-0.084324
8.1810,-92.265230,13.280236,51.104958,1.663517,0.718891,-0.113206
8.2010,-92.463264,13.507335,51.727338,1.673264,0.714984,-0.057402
8.2210,-92.854895,13.494707,52.273068,1.645872,0.726448,-0.083856
8.2410,-93.392636,13.174663,52.736533,1.625033,0.740139,-0.114750
8.2610,-93.666282,13.294923,53.315565,1.672917,0.740816,-0.055598
8.2810,-94.055218,13.203931,53.797225,1.667787,0.752880,-0.079173
8.3010,-94.641795,12.813749,54.158420,1.641341,0.765951,-0.113876
8.3210,-94.873059,13.104981,54.703198,1.675513,0.760653,-0.054018
8.3410,-95.280084,13.152899,55.103581,1.643424,0.768445,-0.074775
8.3610,-95.679588,13.167867,55.497170,1.627850,0.777992,-0.081918
8.3810,-96.093225,13.081737,55.901403,1.631248,0.776327,-0.053954
8.4010,-96.484434,13.083279,56.237880,1.614405,0.786871,-0.070655
8.4210,-96.872500,12.999479,56.577868,1.615233,0.799402,-0.081919
8.4410,-97.361128,12.887484,56.895634,1.630058,0.799210,-0.055263
8.4610,-97.674088,12.886844,57.209528,1.615203,0.804301,-0.063752
8.4810,-98.064242,12.857478,57.493287,1.600188,0.814653,-0.081758
8.5010,-98.613096,12.862387,57.763830,1.602918,0.814293,-0.057329
8.5210,-98.865351,12.824971,58.030017,1.582601,0.815573,-0.059060
8.5410,-99.241872,12.761015,58.274418,1.568895,0.827423,-0.079934
8.5610,-99.843067,12.498947,58.445434,1.550789,0.832653,-0.100492
8.5810,-100.014528,12.598601,58.731691,1.580884,0.830700,-0.048660
8.6010,-100.376284,12.520689,58.930165,1.566386,0.842043,-0.076194
8.6210,-100.949878,11.981123,58.964103,1.536472,0.849405,-0.100923
8.6420,109.387164,-35.186969,-49.697031,1.190867,0.077969,0.070112
8.6610,-101.731520,12.515248,59.691287,1.545209,0.853927,-0.079029
8.6810,-102.275970,12.210606,59.732615,1.515640,0.865586,-0.118245
8.7010,-102.477776,12.374142,59.979034,1.561135,0.851878,-0.024521
8.7210,-102.828687,12.346683,60.058191,1.530924,0.862761,-0.070429
8.7410,-103.372322,11.738160,59.964726,1.498525,0.876587,-0.108845
8.7610,-103.547936,12.154730,60.249529,1.546058,0.861304,-0.029993
8.7810,-103.882936,12.158070,60.274491,1.518091,0.869932,-0.063436
8.8010,-104.199383,12.107958,60.296909,1.510805,0.880320,-0.075330
8.8210,-104.637770,12.021229,60.310416,1.518379,0.871703,-0.038885
8.8410,-104.879156,12.022152,60.343711,1.496516,0.873991,-0.054670
8.8610,-105.200481,11.957404,60.341768,1.484168,0.882922,-0.072974
8.8810,-105.630400,12.235644,60.449099,1.493470,0.877708,-0.059249
8.9010,-105.871305,11.833671,60.322745,1.483334,0.876852,-0.043791
8.9210,-106.176345,11.763874,60.291915,1.467386,0.885017,-0.068603
8.9410,-106.491949,11.710646,60.252391,1.466053,0.884926,-0.060021
8.9610,-106.810489,11.651484,60.210705,1.459966,0.880894,-0.053570
8.9810,-107.117875,11.589034,60.150057,1.451160,0.883140,-0.057301
9.0010,-107.420670,11.528256,60.079804,1.444309,0.884431,-0.057210
9.0210,-107.721785,11.460962,60.005340,1.438748,0.882758,-0.054708
9.0410,-108.016435,11.389642,59.919578,1.433520,0.882591,-0.054184
9.0610,-108.305799,11.319817,59.822192,1.428315,0.883050,-0.054092
9.0810,-108.592576,11.253317,59.715512,1.422660,0.882230,-0.053154
9.1010,-108.876533,11.190997,59.598237,1.416089,0.880961,-0.052291
9.1210,-109.157042,11.132167,59.470182,1.408742,0.879741,-0.051809
9.1410,-109.433836,11.074539,59.332919,1.401198,0.878263,-0.051253
9.1610,-109.706211,11.016161,59.187192,1.393866,0.876681,-0.050628
9.1810,-109.973730,10.956634,59.033063,1.386848,0.875238,-0.050112
9.2010,-110.236839,10.896967,58.870742,1.380015,0.873783,-0.049634
9.2210,-110.496370,10.838779,58.700431,1.373058,0.872095,-0.049146
9.2410,-110.752902,10.783155,58.522435,1.365695,0.870095,-0.048698
9.2610,-111.006545,10.729911,58.337455,1.357898,0.867794,-0.048287
9.2810,-111.256994,10.677762,58.146451,1.349902,0.865267,-0.047880
9.3010,-111.503775,10.625111,57.950277,1.342037,0.862625,-0.047469
9.3210,-111.746613,10.570953,57.749464,1.334545,0.859930,-0.047046
9.3410,-111.985687,10.515385,57.544169,1.327457,0.857136,-0.046599
9.3610,-112.221391,10.459295,57.334337,1.320616,0.854145,-0.046124
9.3810,-112.454231,10.403915,57.119822,1.313781,0.850866,-0.045635
9.4010,-112.684405,10.349714,56.900612,1.306790,0.847257,-0.045138
9.4210,-112.911396,10.293432,56.676450,1.299709,0.843372,-0.044675
9.4410,-113.135660,10.241120,56.448579,1.292480,0.839304,-0.044238
9.4610,-113.356841,10.190649,56.216978,1.285268,0.835058,-0.043608
9.4810,-113.574518,10.139829,55.981143,1.278234,0.830728,-0.043067
9.5010,-113.779995,10.077459,55.725167,1.277246,0.826774,-0.052565
9.5210,-114.065704,10.032132,55.527748,1.268314,0.823379,-0.042984
9.5410,-114.278494,9.994194,55.282659,1.256934,0.815993,-0.031786
9.5610,-114.485878,9.949032,55.027335,1.246895,0.811820,-0.041581
9.5810,-114.686055,9.911664,54.764063,1.242412,0.808119,-0.040858
9.6010,-114.886329,9.871341,54.503136,1.235677,0.801642,-0.038736
9.6210,-115.080779,9.829043,54.238766,1.227082,0.796051,-0.039371
9.6410,-115.269729,9.789879,53.969927,1.219365,0.791390,-0.038794
9.6610,-115.456956,9.753504,53.698701,1.212162,0.785955,-0.038215
9.6810,-115.642135,9.720968,53.423587,1.204495,0.780090,-0.038362
9.7010,-115.824691,9.692013,53.145173,1.196057,0.774029,-0.038351
9.7210,-115.969670,9.802543,52.720529,1.144406,0.793830,-0.047818
9.7410,-116.148291,9.693703,52.571709,1.158815,0.764219,-0.034049
9.7610,-116.359439,9.660521,52.332960,1.158208,0.737401,-0.037032
9.7810,-116.505401,9.616149,52.025374,1.147582,0.744143,-0.041566
9.8010,-116.663431,9.586171,51.732839,1.138761,0.741733,-0.038278
9.8210,-116.839089,9.568263,51.461195,1.131173,0.727708,-0.036536
9.8410,-116.999758,9.556743,51.175206,1.122352,0.720284,-0.038095
9.8610,-117.152229,9.541897,50.881638,1.113265,0.715841,-0.038908
9.8810,-117.309501,9.519706,50.594145,1.105643,0.707418,-0.038078
9.9010,-117.465421,9.492694,50.308947,1.099508,0.698003,-0.037448
9.9210,-117.613437,9.466003,50.021121,1.094078,0.690449,-0.037375
9.9410,-117.756382,9.445434,49.730971,1.088226,0.683231,-0.037279
9.9610,-117.897700,9.433678,49.438817,1.080926,0.675020,-0.037159
9.9810,-118.037168,9.428568,49.144082,1.072273,0.666300,-0.037088
10.0010,-118.173884,9.425602,48.847536,1.063358,0.657577,-0.037000
10.0210,-118.307323,9.421262,48.551113,1.055171,0.648828,-0.036916
10.0410,-118.436474,9.414821,48.255855,1.047937,0.640148,-0.036842
10.0610,-118.560696,9.408344,47.961095,1.041216,0.631704,-0.036761
10.0810,-118.680801,9.405052,47.665511,1.034342,0.623311,-0.036685
10.1010,-118.798252,9.407121,47.368321,1.026841,0.614601,-0.036641
10.1210,-118.913717,9.414478,47.069725,1.018659,0.605442,-0.036639
10.1410,-119.026731,9.425187,46.770833,1.010139,0.595996,-0.036673
10.1610,-119.136293,9.436913,46.473078,1.001769,0.586505,-0.036715
10.1810,-119.241633,9.448367,46.177267,0.993870,0.577125,-0.036737
10.2010,-119.342720,9.459933,45.883143,0.986430,0.567839,-0.036733
10.2210,-119.440248,9.473216,45.589686,0.979159,0.558483,-0.036711
10.2410,-119.535151,9.489852,45.295985,0.971703,0.548843,-0.036692
10.2610,-119.627877,9.510463,45.001895,0.963881,0.538821,-0.036685
10.2810,-119.718149,9.534459,44.708037,0.955773,0.528509,-0.036695
10.3010,-119.805159,9.560566,44.415393,0.947633,0.518098,-0.036712
10.3210,-119.888292,9.587870,44.124433,0.939694,0.507747,-0.036725
10.3410,-119.967475,9.616327,43.834973,0.932016,0.497461,-0.036723
10.3610,-120.043148,9.646763,43.546247,0.924469,0.487134,-0.036705
10.3810,-120.115802,9.680272,43.257443,0.916836,0.476640,-0.036677
10.4010,-120.185014,9.717494,42.968150,0.908961,0.465957,-0.036620
10.4210,-120.251168,9.758146,42.678988,0.900831,0.455097,-0.036618
10.4410,-120.313404,9.801528,42.390523,0.892591,0.444179,-0.036603
10.4610,-120.371819,9.846800,42.103325,0.884384,0.433297,-0.036609
10.4810,-120.427822,9.904028,41.817652,0.876184,0.422455,-0.036683
10.5010,-120.478339,9.945582,41.532584,0.868320,0.411569,-0.036601
10.5210,-120.527023,9.999391,41.248315,0.860316,0.400563,-0.036622
10.5410,-120.574266,10.064387,40.964457,0.852106,0.389406,-0.036670
10.5610,-120.616269,10.115736,40.681360,0.843887,0.378100,-0.036589
10.5810,-120.657637,10.186558,40.399676,0.835445,0.366719,-0.036636
10.6010,-120.694366,10.251209,40.119683,0.827144,0.355315,-0.036618
10.6210,-120.727471,10.317765,39.841180,0.818865,0.343927,-0.036613
10.6410,-120.756254,10.365599,39.562940,0.811038,0.332463,-0.036631
10.6610,-120.782076,10.416690,39.286286,0.803337,0.321053,-0.037297
10.6810,-120.810101,10.525813,39.014211,0.793928,0.309078,-0.036105
10.7010,-120.836210,10.614975,38.742276,0.784559,0.296398,-0.034869
10.7210,-120.853464,10.653969,38.467535,0.777531,0.284733,-0.036715
10.7410,-120.868218,10.732568,38.196485,0.770376,0.273548,-0.037138
10.7610,-120.887815,10.857336,37.931923,0.760691,0.260669,-0.034723
10.7810,-120.902809,10.934733,37.666086,0.751621,0.247552,-0.034456
10.8010,-120.907854,10.983938,37.397271,0.745024,0.236279,-0.036306
10.8210,-120.914537,11.093050,37.132746,0.737267,0.224632,-0.035453
10.8410,-120.925789,11.220982,36.872111,0.727245,0.210916,-0.033172
10.8610,-120.929003,11.290435,36.608618,0.718761,0.197895,-0.033878
10.8810,-120.923938,11.362559,36.344953,0.711983,0.186706,-0.035122
10.9010,-120.923049,11.497402,36.087317,0.703245,0.174363,-0.033155
10.9210,-120.923599,11.617573,35.831359,0.693429,0.160491,-0.031429
10.9410,-120.914247,11.684530,35.571799,0.685880,0.148127,-0.032775
10.9610,-120.900844,11.785869,35.313781,0.678724,0.136787,-0.032923
10.9810,-120.893449,11.937195,35.061034,0.669075,0.123530,-0.030184
11.0010,-120.883641,12.045989,34.807952,0.659618,0.109636,-0.029289
11.0210,-120.863529,12.121666,34.552974,0.652547,0.097759,-0.030718
11.0410,-120.881981,12.261272,34.276033,0.641168,0.077574,-0.027867
11.0610,-121.015217,12.427463,34.112253,0.614511,0.014189,-0.013434
11.0810,-121.029610,12.507244,34.004069,0.598587,-0.018317,0.003001
11.1010,-120.849685,12.573407,33.776789,0.605015,0.016573,-0.006686
11.1210,-120.674326,12.700707,33.389212,0.619366,0.057050,-0.027966
11.1410,-120.595258,12.875956,32.919652,0.624210,0.064164,-0.039400
11.1610,-120.518258,13.080039,32.451482,0.615741,0.064418,-0.048389
11.1810,-120.413394,13.322929,32.046481,0.602754,0.076893,-0.062529
11.2010,-120.274830,13.462151,31.833983,0.602115,0.087050,-0.050679
11.2210,-120.227667,13.447361,31.710018,0.606595,0.076074,-0.054427
11.2410,-121.058114,13.432877,32.933930,0.601296,-0.042065,-0.040457
11.2610,-120.299997,13.911653,31.030310,0.550682,0.110613,-0.038551
11.2810,-120.577320,14.311335,30.706664,0.465672,0.030631,-0.055095
11.3010,-121.066979,14.602671,30.631744,0.428190,-0.132457,-0.018679
11.3210,-121.005465,14.645177,30.703786,0.447412,-0.115158,0.004389
11.3410,-120.729295,14.528064,30.649408,0.485951,-0.012091,-0.050961
11.3610,-120.804704,14.412602,30.626212,0.529561,-0.016613,-0.034099
11.3810,-121.016158,14.368002,30.456991,0.558418,-0.069648,0.016274
11.4010,-121.095216,14.550441,30.049504,0.554102,-0.084626,0.020251
11.4210,-121.143235,14.825932,29.680990,0.532119,-0.093896,0.016046
11.4410,-121.200558,14.909671,29.533824,0.523163,-0.112373,0.017514
11.4610,-121.181184,14.837164,29.537678,0.538579,-0.110761,0.020779
11.4810,-121.082106,14.644074,29.556738,0.552626,-0.093801,-0.105752
11.5010,-121.047840,14.634267,29.444055,0.579306,-0.088483,-0.107045
11.5210,-121.061380,14.534268,29.201334,0.597041,-0.102487,-0.117535
11.5410,-121.032548,14.524265,28.917676,0.605076,-0.120743,-0.116848
11.5610,-120.948479,14.672072,28.723460,0.601212,-0.131726,-0.112609
11.5810,-120.800004,14.721841,28.650798,0.602635,-0.131117,-0.106822
11.6010,-120.581635,14.532642,28.634983,0.622204,-0.118698,-0.115554
11.6210,-120.334897,14.370766,28.579083,0.652879,-0.105699,-0.118217
11.6410,-120.095620,14.335285,28.432481,0.679748,-0.105705,-0.097263
11.6610,-120.056775,14.563636,28.258841,0.613030,-0.171894,-0.105034
11.6810,-119.956844,14.746244,28.662612,0.487935,-0.240431,-0.116210
11.7010,-119.488248,15.018561,28.926736,0.433962,-0.172977,-0.090512
11.7210,-119.112666,15.109075,28.776182,0.463742,-0.108494,0.005846
11.7410,-119.055305,14.812168,28.486407,0.491185,-0.152499,-0.119675
11.7610,-119.034638,14.577997,28.221883,0.522864,-0.219791,-0.131343
11.7810,-118.794942,14.394275,28.128878,0.537113,-0.225767,-0.127198
11.8010,-118.457096,14.389511,28.238811,0.535065,-0.197798,-0.134635
11.8210,-118.146424,14.400475,28.401253,0.528818,-0.177765,-0.124936
11.8410,-117.876720,14.305771,28.401887,0.529014,-0.171813,-0.130142
11.8610,-117.643432,14.164859,28.205496,0.537439,-0.178343,-0.133679
11.8810,-117.448941,14.093660,27.962627,0.548768,-0.197940,-0.131005
11.9010,-117.300080,14.191764,27.819532,0.579310,-0.215008,0.024902
11.9210,-116.955862,13.843827,27.862332,0.574434,-0.213954,-0.142356
11.9410,-116.620010,13.713522,27.958042,0.586587,-0.195639,-0.144999
11.9610,-116.262207,13.686044,27.981901,0.594127,-0.182328,-0.137426
11.9810,-116.032540,13.651817,27.904632,0.591457,-0.185224,-0.143139
12.0010,-115.741782,13.568974,27.729775,0.597202,-0.196644,-0.139457
12.0210,-115.516622,13.493069,27.614629,0.599658,-0.205567,-0.150159
12.0410,-115.180429,13.477214,27.574426,0.608139,-0.205816,-0.147136
12.0610,-114.894064,13.373053,27.625417,0.614022,-0.197093,-0.154362
12.0810,-110.109264,13.824493,27.082585,0.628203,-0.230292,-0.232330
12.1010,-114.203186,13.172917,27.642259,0.640532,-0.178699,-0.138478
12.1210,-113.950005,13.125578,27.489132,0.641626,-0.185377,-0.148545
12.1410,-113.768312,13.261016,27.341394,0.667748,-0.189836,0.020161
12.1610,-113.305166,12.921052,27.271389,0.657881,-0.190053,-0.156020
12.1810,-113.141879,13.073604,27.276124,0.686394,-0.183477,0.021663
12.2010,-112.780759,13.033659,27.279589,0.697856,-0.177912,0.025379
12.2210,-112.522289,12.908774,27.273525,0.707030,-0.173348,0.021002
12.2410,-112.168055,12.786546,27.187716,0.722877,-0.171959,0.022956
12.2610,-111.827611,12.557089,27.132977,0.701954,-0.178013,-0.162529
12.2810,-111.550865,12.540502,27.073775,0.704109,-0.183310,-0.171335
12.3010,-111.185648,12.427848,27.034160,0.715182,-0.181602,-0.168200
12.3210,-110.865245,12.308858,27.029311,0.728232,-0.174752,-0.170067
12.3410,-110.561677,12.264957,27.014698,0.739690,-0.170310,-0.171206
12.3610,-110.460530,12.424933,26.978429,0.771719,-0.168533,0.017042
12.3810,-110.025714,12.066475,26.907842,0.755811,-0.170661,-0.181757
12.4010,-109.731703,12.007490,26.836229,0.765059,-0.169941,-0.183704
12.4210,-109.378760,11.997155,26.772931,0.775026,-0.168983,-0.182416
12.4410,-109.277802,12.155149,26.765816,0.806472,-0.163714,0.012757
12.4610,-108.962069,12.022099,26.737435,0.819749,-0.156770,0.012082
12.4810,-108.661638,11.961891,26.693684,0.832231,-0.151389,0.011392
12.5010,-108.376476,11.953344,26.637649,0.839759,-0.150181,0.011981
12.5210,-107.859161,11.655340,26.548375,0.822442,-0.150515,-0.188482
12.5410,-107.555244,11.566427,26.493498,0.831733,-0.146220,-0.191784
12.5610,-107.259855,11.549396,26.456516,0.839845,-0.141119,-0.195109
12.5810,-107.205750,11.758629,26.458569,0.873416,-0.135105,0.009704
12.6010,-106.668697,11.410581,26.385476,0.857699,-0.131683,-0.200026
12.6210,-106.446198,11.344185,26.354299,0.865360,-0.126200,-0.206166
12.6410,-106.360762,11.592803,26.313014,0.906390,-0.121542,0.010144
12.6610,-105.909692,11.297771,26.251101,0.879430,-0.122376,-0.214550
12.6810,-105.562073,11.207972,26.175904,0.896405,-0.117418,-0.208611
12.7010,-105.360293,11.153195,26.167464,0.902351,-0.111405,-0.215477
12.7210,-105.235227,11.403875,26.126782,0.951188,-0.105838,0.009670
12.7410,-104.856938,11.086483,26.090361,0.920606,-0.105157,-0.224690
12.7610,-104.600436,10.980680,26.043307,0.932032,-0.100883,-0.231555
12.7810,-104.571391,11.231570,26.025521,0.980472,-0.094720,0.004418
12.8010,-104.345033,11.235087,25.991573,0.987999,-0.092635,0.003602
12.8210,-104.107664,11.159120,25.956743,0.998906,-0.088415,0.003067
12.8410,-103.646501,10.820171,25.886272,0.972973,-0.083739,-0.237851
12.8610,-103.571424,11.088581,25.857802,1.029182,-0.076695,0.007267
12.8810,-103.134300,10.808124,25.778986,0.996701,-0.076165,-0.243520
12.9010,-55.655236,13.620986,18.571025,1.045792,-0.648653,-0.126820
12.9210,-101.799664,10.388527,25.263251,1.094110,-0.236732,-0.020145
12.9410,-100.809713,10.800614,25.232501,1.028690,0.326404,0.124132
12.9610,-101.249948,9.807726,25.347317,0.997665,0.043273,-0.012699
12.9810,-101.461155,10.294859,25.657979,1.086216,0.136386,-0.164054
13.0010,-101.789495,10.826778,25.801114,1.178629,0.035688,0.079046
13.0210,-101.962613,10.807645,25.462210,1.112111,-0.077261,-0.065790
13.0410,-101.846236,11.105907,25.144125,1.077805,-0.071093,0.017931
13.0610,-101.725708,11.098620,25.190928,1.076979,-0.062046,0.000683
13.0810,-101.282097,10.578728,25.437765,1.077853,-0.032390,-0.271339
13.1010,-100.997033,10.413048,25.625122,1.128805,0.011114,-0.282217
13.1210,-100.806932,10.377748,25.579748,1.142357,0.029527,-0.291171
13.1410,-101.007108,10.750480,25.466144,1.178864,0.014688,0.002063
13.1610,-100.639250,10.658118,25.158061,1.112801,-0.014604,-0.285122
13.1810,-100.630155,10.745071,25.188479,1.100329,-0.019785,-0.295056
13.2010,-100.613821,10.901173,25.368489,1.190104,0.007660,0.005769
13.2210,-100.215895,10.422776,25.448624,1.159657,0.035835,-0.307849
13.2410,-100.089194,10.372029,25.488806,1.182820,0.049499,-0.313514
13.2610,-100.040545,10.488624,25.423074,1.185926,0.044255,-0.311917
13.2810,-100.012573,10.593364,25.319274,1.176582,0.032876,-0.323869
13.3010,-99.498914,6.279023,16.226755,1.464340,1.591284,-0.682966
13.3210,-90.395696,6.149068,13.821883,1.921268,3.001997,-1.333523
13.3410,-94.209342,1.574615,13.697128,2.707495,3.464746,-1.366510
13.3610,-95.690342,1.683777,19.201943,3.052978,1.606840,-0.926972
13.3810,-93.163957,1.315893,14.335982,2.960394,3.648994,-1.358346
13.4010,-92.383562,-0.258545,11.905775,3.045431,4.147304,-1.219703
13.4210,-91.888652,1.804841,11.287235,3.049616,4.451252,-1.336093
13.4410,-80.271129,-2.169907,2.501810,2.842081,5.114583,-2.625327
13.4610,-81.201673,-1.816930,-0.057884,2.884311,5.150521,-2.523454
13.4810,-78.408619,-1.848677,-1.836459,2.949979,5.064645,-2.424195
13.5010,-78.191620,-2.435349,-3.946854,2.987921,5.064332,-2.388984
13.5210,-79.114683,-2.315145,-4.902336,2.970635,5.060571,-2.463593
13.5410,-79.428592,-2.282056,-4.804571,2.959838,5.060604,-2.435598
13.5610,-79.215111,-1.430715,-3.876319,2.927401,5.056104,-2.457034
13.5810,-78.794455,-1.315530,-1.891805,2.949623,5.065291,-2.364927
13.6010,-79.018327,-1.209136,0.188781,2.981417,5.111907,-2.321462
13.6210,-81.196797,-1.337316,2.583574,3.019462,5.181005,-2.269846
13.6410,-93.768170,1.245512,11.256899,3.175847,5.033511,-1.189106
13.6610,-91.682033,0.809483,10.116881,3.141310,4.883456,-1.159911
13.6810,-78.319409,-0.477787,4.822217,3.059375,5.177744,-2.240152
13.7010,-78.277947,-0.944359,1.668249,3.115899,5.131469,-2.223692
13.7210,-94.150787,1.997547,10.965158,3.271269,5.090732,-1.163848
13.7410,-81.804734,-1.847665,2.203075,3.166727,5.249875,-2.136862
13.7610,-95.031198,0.889187,6.994363,3.314925,5.013726,-1.188038
13.7810,-94.590116,1.902380,10.857813,3.292638,5.118700,-1.260347
13.8010,-83.870294,-1.718059,0.297521,3.287869,5.184098,-2.002372
13.8210,-93.361119,0.040088,4.708160,3.280499,4.940588,-1.105942
13.8410,-95.119782,1.515446,10.608576,3.380953,5.037369,-1.123366
13.8610,-81.141497,-1.552000,1.227866,3.274951,5.239465,-2.003330
13.8810,-93.700541,1.805855,9.907305,3.345292,5.050990,-1.061323
13.9010,-77.969888,-0.699300,2.571100,3.273053,5.200640,-2.043133
13.9210,-94.519039,1.622786,10.245640,3.360181,5.044140,-1.026668
13.9410,-78.713175,-0.680945,3.762910,3.308354,5.230563,-1.989404
13.9610,-81.821488,-0.066058,7.175471,3.368769,5.385868,-1.750606
13.9810,-95.748933,2.492368,13.484441,3.436347,5.174076,-0.976824
14.0010,-96.833938,1.952622,12.096841,3.408106,5.044849,-0.937030
14.0210,-98.184016,3.679246,16.124642,3.449523,5.064797,-0.882271
14.0410,-98.344243,3.572245,14.984297,3.428644,5.064992,-0.932598
14.0610,-99.582931,3.719979,17.433771,3.445764,5.089543,-0.900104
14.0810,-78.395600,0.106785,7.455955,3.390324,5.151149,-1.888400
14.1010,-100.769502,3.893702,18.089361,3.463894,5.032699,-0.816991
14.1210,-99.447704,3.655129,13.182653,3.431307,4.846749,-0.777268
14.1410,-77.833715,0.640675,8.392966,3.392549,5.146239,-1.867035
14.1610,-101.479054,4.408468,19.522850,3.478467,5.064662,-0.796593
14.1810,-99.734844,4.914535,18.258823,3.452662,4.892115,-0.748291
14.2010,-78.948898,0.944492,10.680445,3.457574,5.218042,-1.714386
14.2210,-77.002333,1.231735,9.952634,3.403857,5.194982,-1.830533
14.2410,-76.428980,1.441972,11.615488,3.443721,5.190568,-1.729081
14.2610,-100.406653,6.468876,20.816455,3.338542,4.843406,-0.708128
14.2810,-103.799704,5.861606,22.527717,3.460861,5.082086,-0.616629
14.3010,-101.693878,7.487500,22.894122,3.335538,4.799005,-0.606732
14.3210,-103.757370,6.076889,23.310381,3.469269,5.108177,-0.561528
14.3410,-102.431182,7.063996,27.494544,3.293224,4.867527,-0.586778
14.3610,-103.289812,6.416254,25.338819,3.438104,5.192755,-0.468055
14.3810,-104.550784,6.747696,26.762175,3.269735,4.997469,-0.562355
14.4010,-103.825313,6.981889,29.150542,3.191795,4.897092,-0.462291
14.4210,-104.126559,6.936337,29.069543,3.237001,4.882259,-0.293078
14.4410,-104.496099,6.939641,28.794844,3.157742,4.898070,-0.398905
14.4610,-104.585794,7.385951,28.819069,3.203781,4.899176,-0.267975
14.4810,-105.072699,7.074116,28.600323,3.198582,4.903598,-0.269374
14.5010,-104.741939,7.392379,29.062576,3.225754,4.900416,-0.209045
14.5210,-105.544408,7.090713,28.301267,3.206512,4.912491,-0.225900
14.5410,-105.277493,7.666034,28.786654,3.248695,4.905705,-0.136579
14.5610,-105.872444,7.196539,28.053643,3.237357,4.920193,-0.153376
14.5810,-106.051072,6.884274,28.026310,3.264038,4.926351,-0.055354
14.6010,-106.160426,7.121817,27.527794,3.261018,4.926086,-0.101717
14.6210,-106.145585,6.829891,26.992403,3.322294,4.917935,0.004520
14.6410,-106.369448,7.248104,26.764587,3.262748,4.913021,-0.074117
14.6610,-106.815060,6.862605,26.434468,3.309242,4.896136,0.007593
14.6810,-106.652184,7.045375,25.987036,3.238016,4.893833,-0.353413
14.7010,-113.148237,7.441877,34.706670,3.109922,1.696155,-0.536702
14.7210,-81.932093,3.064829,10.940324,3.965472,5.139256,-0.049410
14.7410,-107.016719,6.865112,19.963509,3.947293,5.222583,1.143306
14.7610,-108.888326,8.535081,17.781851,3.896629,5.187151,0.846633
14.7810,-107.925087,8.244479,21.408657,3.572589,5.048808,0.138156
14.8010,-106.055786,6.570134,24.858267,3.492868,4.900462,0.054806
14.8210,-112.608957,7.824902,33.948870,3.336074,1.685488,-0.117826
14.8410,-113.056570,10.252856,32.996161,2.543422,1.190814,-0.809618
14.8610,-110.711944,10.779805,37.938981,2.539061,1.029601,-0.222482
14.8810,-109.829305,14.232853,39.041382,2.133374,0.918562,-0.411313
14.9010,-108.002115,15.681257,36.745994,1.819489,0.811986,-0.486300
14.9210,-105.576438,15.336877,34.424892,1.765702,0.668424,-0.354280
14.9410,-102.416216,14.002260,33.158675,1.826098,0.540591,-0.221441
14.9610,-98.948858,13.530656,32.306373,1.890914,0.461451,-0.149517
14.9810,-95.571119,14.571869,30.531473,1.831416,0.424256,-0.204750
15.0010,-92.438000,16.073848,27.233830,1.642360,0.398495,-0.338299
15.0210,-89.428616,20.041033,22.740999,0.577018,0.347049,0.383875
15.0410,-87.033348,19.439189,18.162537,0.343747,0.289470,-0.164004
15.0610,-98.668556,17.901107,16.389333,0.912671,-3.810627,0.214329
15.0810,-93.289556,17.330917,10.988705,1.391473,-3.163517,0.357847
15.1010,-88.967274,14.202898,3.869098,2.137514,-0.265358,-0.731299
15.1210,-79.272365,13.461050,8.030117,2.257875,0.949231,-0.564716
15.1410,-82.445718,13.496954,12.003779,2.287454,0.527082,-0.283829
15.1610,-82.978833,16.078200,12.610216,1.534825,0.482247,0.619068
15.1810,-80.996584,23.804727,9.788448,-0.605716,0.667223,2.786702
15.2010,-84.707414,19.277440,6.907705,-0.358353,0.357636,-0.727815
15.2210,-85.934844,15.081780,5.427624,2.089082,0.030623,-0.796841
15.2410,-86.110595,13.004974,5.291254,2.905439,-0.306907,0.160318
15.2610,-84.639448,11.815694,5.293458,2.419711,-0.165294,0.126515
15.2810,-82.285008,13.959279,4.979059,1.990460,0.312487,-0.088871
15.3010,-81.757402,17.745772,4.928104,1.581860,0.391089,-0.191833
15.3210,-82.272942,19.609109,4.537079,1.196507,0.182062,-0.208039
15.3410,-82.133230,18.383840,3.131401,1.206351,0.098427,-0.118984
15.3610,-81.737800,15.654110,1.466907,1.678916,0.077135,-0.027300
15.3810,-81.680568,14.108317,0.675693,2.148738,0.001073,-0.041783
15.4010,-81.170132,15.063551,0.551726,2.172427,-0.008088,-0.098525
15.4210,-80.200393,17.283584,0.629494,1.757712,0.107284,-0.185012
15.4410,-79.581151,18.483470,0.655848,1.372416,0.222110,-0.175860
15.4610,-79.273168,17.989022,0.141639,1.358689,0.224325,-0.126824
15.4810,-79.063495,16.695947,-0.953115,1.649442,0.145669,-0.093826
15.5010,-79.165155,15.644747,-1.924330,1.934737,0.063981,-0.097817
15.5210,-79.071599,15.900863,-2.598334,1.985600,0.006983,-0.095035
15.5410,-78.689332,16.999087,-2.943663,1.790070,0.005042,-0.122353
15.5610,-78.132414,17.946219,-3.211409,1.565284,0.057744,-0.144553
15.5810,-77.712959,18.079300,-3.649877,1.501174,0.099373,-0.136094
15.6010,-77.627345,17.462871,-4.301905,1.610228,0.075346,-0.111768
15.6210,-77.740596,16.808953,-5.054127,1.765426,0.001781,-0.093185
15.6410,-77.795053,16.700514,-5.708044,1.829178,-0.067066,-0.091417
15.6610,-77.628379,17.131111,-6.140038,1.769240,-0.092474,-0.104302
15.6820,-77.262343,17.670539,-6.405557,1.659963,-0.072775,-0.118465
15.7010,-76.862011,17.874020,-6.657105,1.600758,-0.037346,-0.121896
15.7210,-76.582520,17.687781,-7.023314,1.629487,-0.022202,-0.114381
15.7410,-76.457432,17.372525,-7.503522,1.703170,-0.040710,-0.104562
15.7610,-76.385345,17.271567,-8.002230,1.750777,-0.075779,-0.100958
15.7810,-76.237144,17.457960,-8.414833,1.733756,-0.098187,-0.106372
15.8010,-75.961104,17.824801,-8.732388,1.672288,-0.092734,-0.116072
15.8210,-75.624398,18.073555,-8.997210,1.619814,-0.068925,-0.122321
15.8410,-75.328732,18.114477,-9.284160,1.609984,-0.048610,-0.122806
15.8610,-75.134224,18.018944,-9.620933,1.635246,-0.046635,-0.119437
15.8810,-75.021812,17.950227,-9.980283,1.662780,-0.061383,-0.116560
15.9010,-74.927413,18.009467,-10.310479,1.665640,-0.079985,-0.117296
15.9210,-75.031925,17.230176,-9.933991,1.798209,-0.083039,-0.110967
15.9410,-74.705909,18.364698,-10.806299,1.618323,-0.088778,-0.143169
15.9610,-74.558046,18.329381,-11.031475,1.573790,-0.090711,-0.117546
15.9810,-74.480833,18.339349,-11.256230,1.603438,-0.097312,-0.107331
16.0010,-74.457885,18.285265,-11.512051,1.630262,-0.111781,-0.124410
16.0210,-74.466376,17.720198,-11.792486,1.674838,-0.135384,-0.122490
16.0410,-74.530638,18.311013,-12.042780,1.602552,-0.154103,-0.123254
16.0610,-74.476659,18.377799,-12.244853,1.603863,-0.178276,-0.093096
16.0810,-74.436174,18.504482,-12.430270,1.604549,-0.186349,-0.110420
16.1010,-74.434888,18.038070,-12.576763,1.674317,-0.185941,-0.111883
16.1210,-74.395109,18.621170,-12.814532,1.585541,-0.193630,-0.133280
16.1410,-74.329955,18.491034,-13.006316,1.583132,-0.217368,-0.092548
16.1610,-74.306218,18.564268,-13.173670,1.604212,-0.230308,-0.096613
16.1810,-74.230036,18.649269,-13.323927,1.603476,-0.231540,-0.120505
16.2010,-74.127531,18.624479,-13.471383,1.614449,-0.231036,-0.133376
16.2210,-74.068024,18.726673,-13.586941,1.544644,-0.233001,-0.109974
16.2410,-73.957284,18.775281,-13.689242,1.567253,-0.235807,-0.093780
16.2610,-73.916108,18.194508,-13.788289,1.612667,-0.233782,-0.111647
16.2810,-73.916085,18.308493,-13.914935,1.576104,-0.226806,-0.136357
16.3010,-73.819324,18.970293,-14.031554,1.511362,-0.229634,-0.115372
16.3210,-73.698822,18.987809,-14.107113,1.531765,-0.237053,-0.092038
16.3410,-73.703245,18.473865,-14.138644,1.592339,-0.230198,-0.112487
16.3610,-73.659628,19.152111,-14.282931,1.525510,-0.221033,-0.155906
16.3810,-73.590651,19.055510,-14.387202,1.541274,-0.235007,-0.122649
16.4010,-73.617695,19.058416,-14.461478,1.510625,-0.249850,-0.099584
16.4210,-73.685246,18.581132,-14.448194,1.607947,-0.252144,-0.099359
16.4410,-73.691750,19.295528,-14.590129,1.520384,-0.252571,-0.150220
16.4610,-73.685792,18.589805,-14.656871,1.538809,-0.272051,-0.106349
16.4810,-73.762911,19.252731,-14.730027,1.496499,-0.281885,-0.112902
16.5010,-73.824367,18.547943,-14.550439,1.639666,-0.294534,-0.094864
16.5210,-73.848562,19.336184,-14.845078,1.528025,-0.301896,-0.132895
16.5410,-71.698786,18.445013,-13.681163,1.508951,-0.689738,-0.428010
16.5610,-73.419061,19.131792,-15.003678,1.558049,-0.302700,-0.036782
16.5810,-73.594769,18.722454,-15.003641,1.617860,-0.157063,0.103893
16.6010,-73.940500,19.354086,-14.841475,1.475682,-0.366339,-0.148037
16.6210,-73.780684,19.222608,-14.918630,1.503679,-0.355348,-0.143077
16.6410,-73.727110,18.832575,-15.094543,1.570881,-0.288495,-0.083104
16.6610,-73.923229,19.524876,-15.176163,1.478741,-0.341155,-0.135179
16.6810,-73.966239,19.391926,-15.217335,1.491421,-0.392714,-0.119805
16.7010,-73.856403,19.380493,-15.258451,1.470913,-0.372028,-0.088385
16.7210,-73.687237,19.458163,-15.229252,1.502500,-0.341048,-0.106805
16.7410,-73.560773,19.416679,-15.208186,1.527701,-0.329440,-0.147438
16.7610,-73.536575,19.073202,-15.244652,1.492561,-0.330357,-0.128894
16.7810,-73.580042,19.527924,-15.256836,1.438918,-0.332934,-0.101911
16.8010,-73.535622,19.538752,-15.292196,1.476885,-0.345310,-0.098376
16.8210,-73.566334,19.100081,-15.258044,1.568173,-0.343832,-0.116887
16.8410,-73.589351,19.153697,-15.231827,1.549216,-0.336213,-0.138795
16.8610,-73.501077,19.675778,-15.313052,1.437969,-0.341925,-0.122612
16.8810,-73.416512,19.580809,-15.304962,1.450988,-0.348816,-0.090877
16.9010,-73.399114,19.644740,-15.302196,1.480839,-0.345631,-0.115279
16.9210,-74.318359,19.497908,-14.986196,1.514839,-0.439039,-0.007706
16.9410,-73.236567,19.286406,-15.662625,1.436986,-0.191443,-0.255376
16.9610,-73.326389,19.274025,-15.359079,1.483445,-0.262989,-0.160240
16.9810,-73.457612,19.801948,-15.053177,1.485619,-0.436608,-0.033116
17.0010,-73.476869,18.866079,-14.667914,1.585749,-0.383350,-0.091950
17.0210,-73.390687,19.067288,-15.536364,1.498775,-0.331845,-0.168132
17.0410,-73.682255,19.518288,-15.512812,1.440590,-0.403032,-0.129470
17.0610,-73.672745,19.581365,-15.417936,1.479266,-0.461832,-0.062436
17.0810,-73.441417,19.711657,-15.410133,1.474960,-0.413492,-0.104635
17.1010,-73.334675,18.821136,-15.316134,1.530625,-0.360733,-0.129661
17.1210,-73.313285,19.824110,-15.345314,1.423961,-0.363276,-0.149804
17.1410,-73.207725,19.601493,-15.366757,1.440946,-0.396159,-0.079982
17.1610,-73.167785,19.556320,-15.413051,1.493160,-0.388346,-0.099881
17.1810,-73.146578,18.800017,-15.441861,1.573502,-0.375301,-0.153585
17.2010,-73.128549,19.591277,-15.391613,1.437815,-0.366782,-0.156731
17.2210,-72.891425,19.558341,-15.338072,1.462536,-0.364616,-0.086636
17.2410,-72.768648,19.609663,-15.307464,1.492586,-0.346786,-0.116989
17.2610,-72.810521,19.008571,-15.057144,1.639001,-0.331844,-0.168071
17.2810,-72.776801,19.616989,-15.340147,1.459478,-0.343453,-0.152605
17.3010,-72.699128,19.483205,-15.353192,1.466145,-0.361547,-0.092035
17.3210,-72.640227,19.550579,-15.338554,1.502281,-0.359065,-0.113320
17.3410,-72.592522,19.607852,-15.341804,1.520242,-0.346847,-0.165483
17.3610,-72.840758,19.079902,-14.535234,1.500893,-0.652609,-0.400400
17.3810,-71.275296,19.852559,-16.015126,1.473634,-0.137531,0.302580
17.4010,-72.548778,18.463632,-14.721960,1.580663,-0.182053,0.049154
17.4210,-72.637532,19.176638,-14.861018,1.511821,-0.384854,-0.283185
17.4410,-72.212756,18.890122,-15.130261,1.574713,-0.323598,-0.094890
17.4610,-72.373917,19.714106,-15.376426,1.448680,-0.313637,-0.078036
17.4810,-72.714427,18.879257,-15.174034,1.566368,-0.405711,-0.127583
17.5010,-72.731520,19.563842,-15.445784,1.499335,-0.431781,-0.143738
17.5210,-72.565434,18.883061,-15.146733,1.616511,-0.399383,-0.103022
17.5410,-72.319759,19.629336,-15.302537,1.491992,-0.362274,-0.136801
17.5610,-72.205878,18.991881,-15.162964,1.544216,-0.343292,-0.121051
17.5810,-72.177420,19.653203,-15.246699,1.473393,-0.342017,-0.136873
17.6010,-72.154484,19.507182,-15.319888,1.475409,-0.367561,-0.115500
17.6210,-72.171935,19.408114,-15.401624,1.524792,-0.386071,-0.129493
17.6410,-72.243169,18.951767,-15.314532,1.547693,-0.386584,-0.118803
17.6610,-72.099414,19.633443,-15.346715,1.471941,-0.373470,-0.130840
17.6810,-71.877377,19.545511,-15.295794,1.468977,-0.358898,-0.116796
17.7010,-71.759852,19.045806,-15.284522,1.520303,-0.344362,-0.126808
17.7210,-71.842531,19.067665,-15.188857,1.535304,-0.333842,-0.141727
17.7410,-71.789838,19.612483,-15.298458,1.462646,-0.348976,-0.132737
17.7610,-71.722384,19.478425,-15.323132,1.476951,-0.366325,-0.106483
17.7810,-71.730273,19.058724,-15.256250,1.574282,-0.360570,-0.116381
17.8010,-71.722728,19.029521,-15.015342,1.612247,-0.345521,-0.155915
17.8210,-71.587512,19.648678,-15.278634,1.459758,-0.349160,-0.141502
17.8410,-71.504468,19.508912,-15.263569,1.459862,-0.355912,-0.104122
17.8610,-71.472506,19.540904,-15.259501,1.496465,-0.355427,-0.120493
17.8810,-71.460775,19.547116,-15.292458,1.520918,-0.357897,-0.158292
17.9010,-71.502367,19.478589,-15.316662,1.484992,-0.369209,-0.145501
17.9210,-71.485471,19.460990,-15.300850,1.455277,-0.380255,-0.100450
17.9410,-71.405973,19.528703,-15.272244,1.493118,-0.375871,-0.110591
17.9610,-71.309575,19.146791,-15.297725,1.535360,-0.369145,-0.145499
17.9810,-71.324925,19.262654,-15.303724,1.494403,-0.366218,-0.153925
