run_idx,seed,avg_relative_error,mean_goal_distance_after_t,neuron_loss_percentage,neuron_loss_count,disconnected_connection_count,noise_rate_hz,noise_weight,noise_connection_fraction,noise_region_half_width,noise_target_count,noise_coverage_fraction,noise_active_duration_ms,noise_integrated_drive_per_neuron,noise_integrated_drive_total
0,1464879229,0.37409001173910156,74.81800234782031,0.0,0,0,5.0,1e-05,0.0,2,38,0.19,100000.0,0.005,0.19
1,2088846310,0.3637203036222943,72.74406072445885,0.0,0,0,5.0,1e-05,0.0,2,36,0.18,100000.0,0.005,0.18
2,1717713319,0.3745212189665997,74.90424379331994,0.0,0,0,5.0,1e-05,0.0,2,44,0.22,100000.0,0.005,0.22
3,993300104,0.36597718608578134,73.19543721715625,0.0,0,0,5.0,1e-05,0.0,2,45,0.225,100000.0,0.005,0.225
4,706962748,0.05358854549798268,10.717709099596535,0.0,0,0,5.0,1e-05,0.0,2,46,0.23,100000.0,0.005,0.23
5,1816686401,0.3629594878215582,72.59189756431165,0.0,0,0,5.0,1e-05,0.0,2,43,0.215,100000.0,0.005,0.215
6,1750154624,0.37177394157850785,74.35478831570158,0.0,0,0,5.0,1e-05,0.0,2,38,0.19,100000.0,0.005,0.19
7,272540682,0.366700628922821,73.3401257845642,0.0,0,0,5.0,1e-05,0.0,2,42,0.21,100000.0,0.005,0.21
8,604392997,0.3664215879534867,73.28431759069734,0.0,0,0,5.0,1e-05,0.0,2,47,0.235,100000.0,0.005,0.23500000000000001
9,356385989,0.36532017129564054,73.06403425912812,0.0,0,0,5.0,1e-05,0.0,2,44,0.22,100000.0,0.005,0.22
