population_size,num_threads,n_runs,build_time_s_mean,build_time_s_std,presim_time_s_mean,presim_time_s_std,sim_time_s_mean,sim_time_s_std,real_time_factor_mean,real_time_factor_std,mem_after_build_kb_mean,mem_after_build_kb_std,mem_after_sim_kb_mean,mem_after_sim_kb_std,num_kernel_nodes_mean,num_kernel_nodes_std,num_connections_mean,num_connections_std,total_spike_count_mean,total_spike_count_std,mean_firing_rate_hz_mean,mean_firing_rate_hz_std,synaptic_operations_mean,synaptic_operations_std,energy_proxy_nJ_mean,energy_proxy_nJ_std,energy_proxy_per_second_nJ_mean,energy_proxy_per_second_nJ_std,avg_relative_goal_error_mean,avg_relative_goal_error_std
100,1,5,1.9554370403289796,0.018372595682994246,0.010987377166748047,0.0001458019263972455,3.7943517684936525,0.038404900792942454,0.03794351768493652,0.0003840490079294236,142230.4,200.80796796940106,145763.2,475.7774269550837,852.0,0.0,23272.0,0.0,18734.4,20.78076033257686,1.87344,0.0020780760332576634,511721.7802816901,567.6172000701155,12076.634014647887,13.395765921655016,120.76634014647887,0.13395765921655067,0.007731049484480024,0.0010888099425683299
100,2,5,1.9582254886627197,0.015252844302149593,0.008283853530883789,0.00017501606197708672,2.995093584060669,0.040435518970957644,0.02995093584060669,0.00040435518970957727,142793.6,308.6445204438271,146979.2,303.93051837549973,852.0,0.0,23272.0,0.0,18737.4,14.880860190190619,1.8737399999999997,0.0014880860190189958,511803.7239436619,406.4640590916937,12078.567885070424,9.592551794564267,120.78567885070422,0.09592551794564365,0.06620058546032165,0.07107839398379466
100,4,5,2.054514932632446,0.014224004955928661,0.0052205085754394535,6.574763121571055e-05,1.8250101566314698,0.019602946680273788,0.018250101566314698,0.00019602946680273738,145585.6,273.6841975708499,149502.4,277.5850140047189,852.0,0.0,23272.0,0.0,18723.6,15.781001235663092,1.87236,0.00157810012356635,511426.7830985915,431.05101027741637,12069.672081126762,10.172803842546545,120.69672081126762,0.10172803842546624,0.00854222563705684,0.0026205173643498577
100,8,5,2.2206281185150147,0.04128322047364111,0.005534839630126953,0.00023046667050516064,1.8131558418273925,0.016693129838868663,0.01813155841827393,0.00016693129838868653,150232.8,343.8269332091365,154034.4,330.3389774156238,852.0,0.0,23272.0,0.0,18748.6,25.632791498391278,1.87486,0.002563279149839099,512109.64694835676,700.14826731288,12085.787667981222,16.523499108584076,120.85787667981222,0.16523499108583833,0.02340282156602951,0.02536796545691254
100,16,5,2.8038846969604494,0.03206080201230903,0.00712890625,0.0002051102939065878,2.2672779083251955,0.0718229258724218,0.022672779083251954,0.0007182292587242177,160997.6,339.5959952649619,165682.4,592.9268420302795,852.0,0.0,23272.0,0.0,18745.6,21.341040274550817,1.87456,0.002134104027455102,512027.703286385,582.9209967950194,12083.853797558686,13.756935524362305,120.83853797558686,0.13756935524362263,0.02923923876805225,0.03795221137616306
200,1,5,7.984568786621094,0.04627706628417729,0.022750234603881835,0.00015836253786018263,8.010508966445922,0.05858432297942393,0.08010508966445921,0.0005858432297942402,164204.8,389.61232013374524,173113.6,302.8356650066171,1772.0,0.0,98652.0,0.0,40911.8,58.39657524204652,2.04559,0.00291982876210221,2277669.8045146726,3251.094210371657,53753.00738654629,76.72582336477053,537.5300738654629,0.767258233647699,0.018367969606096893,0.003897945506329376
200,2,5,8.137067127227784,0.06287321263477785,0.016330957412719727,8.669825358624589e-05,5.905325841903687,0.021385689201270396,0.05905325841903687,0.00021385689201270356,165676.0,221.9333233203162,174700.0,126.79432163941728,1772.0,0.0,98652.0,0.0,40886.6,39.05688159594926,2.04433,0.0019528440797975386,2276266.852821671,2174.4015142232342,53719.89772659142,51.31587573566752,537.1989772659142,0.5131587573566981,0.022906995985423135,0.007533329606803714
200,4,5,8.577746534347535,0.09914849023246403,0.009693002700805664,0.00047417864224803927,3.4352375984191896,0.055114385899369615,0.0343523759841919,0.0005511438589936968,169200.8,194.99989743587048,178301.6,382.066800442017,1772.0,0.0,98652.0,0.0,40946.0,75.34188741994721,2.0473,0.003767094370997433,2279573.8103837473,4194.485258325448,53797.94192505644,98.98985209648195,537.9794192505644,0.9898985209648007,0.02340606984143139,0.005067038193154003
200,8,5,9.211938428878785,0.11082125954934674,0.007801151275634766,0.0002359697754388345,2.6792067527770995,0.07619824868833526,0.026792067527771003,0.0007619824868833528,176974.4,442.32549101312264,186843.2,234.81601308258348,1772.0,0.0,98652.0,0.0,40924.2,51.69680841212541,2.04621,0.0025848404206063372,2278360.145823928,2878.100193833369,53769.2994414447,67.92316457447073,537.692994414447,0.6792316457447002,0.021639378692908894,0.004386405815706431
200,16,5,11.46430721282959,0.612902993469428,0.009670305252075195,0.00028030195732578066,3.189984178543091,0.09574995611835663,0.031899841785430906,0.0009574995611835655,192435.2,392.81059048859663,202764.8,316.1103604755782,1772.0,0.0,98652.0,0.0,40888.6,57.6423455456143,2.04443,0.002882117277280716,2276378.198194131,3209.10421713658,53722.525477381496,75.73485952442209,537.2252547738151,0.7573485952442615,0.019629356007647127,0.007790975267140647
