population_size,num_threads,run_idx,seed,r1_inject,goal_idx,build_time_s,presim_time_s,sim_time_s,real_time_factor,mem_after_build_kb,mem_after_sim_kb,num_kernel_nodes,num_connections,total_spike_count,mean_firing_rate_hz,mean_fan_out,synaptic_operations,energy_proxy_nJ,energy_proxy_per_second_nJ,avg_relative_goal_error
100,1,0,135417716,20,70,1.9366369247436523,0.010735750198364258,3.762127637863159,0.03762127637863159,142456.0,146104.0,852,23272,18725,1.8725,27.314553990610328,511465.0234741784,12070.57455399061,120.70574553990609,0.008534732010823725
100,1,1,916845664,20,70,1.9345908164978027,0.011019706726074219,3.80578875541687,0.0380578875541687,141912.0,145176.0,852,23272,18775,1.8775,27.314553990610328,512830.75117370894,12102.805727699531,121.02805727699531,0.006074035465583867
100,1,2,384875998,20,70,1.9834342002868652,0.011047601699829102,3.851271152496338,0.038512711524963376,142420.0,146452.0,852,23272,18732,1.8732,27.314553990610328,511656.22535211267,12075.08691830986,120.7508691830986,0.006780182772701115
100,1,3,1307058726,20,70,1.956359624862671,0.010953664779663086,3.742279052734375,0.03742279052734375,142116.0,145764.0,852,23272,18721,1.8721,27.314553990610328,511355.76525821595,12067.996060093896,120.67996060093895,0.00867909044873335
100,1,4,622215458,20,70,1.9661636352539062,0.01118016242980957,3.8102922439575195,0.03810292243957519,142248.0,145320.0,852,23272,18719,1.8719,27.314553990610328,511301.1361502347,12066.70681314554,120.6670681314554,0.008587206724558066
100,2,0,982298770,20,70,1.970808744430542,0.008213281631469727,2.950564384460449,0.029505643844604492,142552.0,146776.0,852,23272,18741,1.8741,27.314553990610328,511902.05633802817,12080.888529577465,120.80888529577466,0.009107293694249627
100,2,1,2054671274,20,70,1.9290452003479004,0.008205652236938477,3.0436480045318604,0.030436480045318605,142692.0,146916.0,852,23272,18720,1.872,27.314553990610328,511328.45070422534,12067.35143661972,120.6735143661972,0.17261382555153426
100,2,2,208793191,20,70,1.9573760032653809,0.008206844329833984,3.031329870223999,0.03031329870223999,142968.0,147576.0,852,23272,18744,1.8744,27.314553990610328,511984.0,12082.822400000001,120.828224,0.13084274649337252
100,2,3,1153724481,20,70,1.967452049255371,0.008161544799804688,2.945712089538574,0.02945712089538574,143304.0,146760.0,852,23272,18760,1.876,27.314553990610328,512421.0328638498,12093.136375586857,120.93136375586857,0.010797291452989688
100,2,4,904271996,20,70,1.9664454460144043,0.00863194465637207,3.004213571548462,0.03004213571548462,142452.0,146868.0,852,23272,18722,1.8722,27.314553990610328,511383.07981220656,12068.640683568075,120.68640683568076,0.0076417701094621295
100,4,0,1320482398,20,70,2.0764498710632324,0.0050983428955078125,1.7954306602478027,0.01795430660247803,145644.0,149100.0,852,23272,18737,1.8737,27.314553990610328,511792.7981220657,12078.310035680752,120.78310035680752,0.01359296940471155
100,4,1,1910548546,20,70,2.056518316268921,0.005277395248413086,1.8381774425506592,0.018381774425506592,145252.0,149476.0,852,23272,18698,1.8698,27.314553990610328,510727.5305164319,12053.169720187794,120.53169720187795,0.007787375674976904
100,4,2,1133975681,20,70,2.044463872909546,0.005265235900878906,1.8076319694519043,0.018076319694519043,145812.0,149844.0,852,23272,18718,1.8718,27.314553990610328,511273.8215962441,12066.062189671362,120.66062189671362,0.008291884227914647
100,4,3,239451849,20,70,2.060397148132324,0.005255699157714844,1.8421852588653564,0.018421852588653566,145288.0,149320.0,852,23272,18722,1.8722,27.314553990610328,511383.07981220656,12068.640683568075,120.68640683568076,0.006589546854158934
100,4,4,1782243501,20,70,2.034745454788208,0.005205869674682617,1.841625452041626,0.01841625452041626,145932.0,149772.0,852,23272,18743,1.8743,27.314553990610328,511956.6854460094,12082.177776525821,120.82177776525822,0.006449352023522163
100,8,0,370947990,20,70,2.211496114730835,0.005462646484375,1.8020756244659424,0.018020756244659424,150688.0,154336.0,852,23272,18757,1.8757,27.314553990610328,512339.08920187794,12091.20250516432,120.9120250516432,0.007598282244554278
100,8,1,1476829221,20,70,2.175853729248047,0.00538945198059082,1.8314850330352783,0.018314850330352784,150284.0,154508.0,852,23272,18704,1.8704,27.314553990610328,510891.41784037556,12057.037461032864,120.57037461032864,0.07373338229622749
100,8,2,136444804,20,70,2.2019410133361816,0.0053157806396484375,1.786064863204956,0.017860648632049562,149692.0,153916.0,852,23272,18769,1.8769,27.314553990610328,512666.8638497653,12098.937986854462,120.98937986854462,0.013244286450379813
100,8,3,1225870458,20,70,2.2984535694122314,0.005534172058105469,1.8244550228118896,0.018244550228118897,150460.0,153724.0,852,23272,18775,1.8775,27.314553990610328,512830.75117370894,12102.805727699531,121.02805727699531,0.015380599819047243
100,8,4,1953134935,20,70,2.2153961658477783,0.005972146987915039,1.8216986656188965,0.018216986656188965,150040.0,153688.0,852,23272,18738,1.8738,27.314553990610328,511820.11267605633,12078.954659154932,120.78954659154931,0.007057557019938722
100,16,0,869543321,20,70,2.8392279148101807,0.007185935974121094,2.2670750617980957,0.022670750617980958,160844.0,165644.0,852,23272,18732,1.8732,27.314553990610328,511656.22535211267,12075.08691830986,120.7508691830986,0.008852366326883014
100,16,1,798861646,20,70,2.749204397201538,0.006751298904418945,2.1395092010498047,0.021395092010498048,160640.0,164672.0,852,23272,18742,1.8742,27.314553990610328,511929.3708920188,12081.533153051645,120.81533153051645,0.010268613616126953
100,16,2,839372618,20,70,2.7877109050750732,0.007261991500854492,2.310168743133545,0.02310168743133545,161640.0,166440.0,852,23272,18769,1.8769,27.314553990610328,512666.8638497653,12098.937986854462,120.98937986854462,0.10494420066280251
100,16,3,1695695737,20,70,2.823676586151123,0.0073435306549072266,2.354588747024536,0.02354588747024536,160888.0,166072.0,852,23272,18715,1.8715,27.314553990610328,511191.8779342723,12064.128319248826,120.64128319248826,0.015220757455126875
100,16,4,1117715365,20,70,2.819603681564331,0.007101774215698242,2.265047788619995,0.022650477886199952,160976.0,165584.0,852,23272,18770,1.877,27.314553990610328,512694.1784037559,12099.582610328638,120.99582610328638,0.006910255779321897
200,1,0,1422795452,40,140,7.963295936584473,0.022669315338134766,7.910870790481567,0.07910870790481567,164312.0,173336.0,1772,98652,40921,2.04605,55.67268623024831,2278181.9932279913,53765.0950401806,537.650950401806,0.025762481788951384
200,1,1,521606937,40,140,8.01883864402771,0.022852420806884766,8.032762289047241,0.0803276228904724,163920.0,172944.0,1772,98652,40814,2.0407,55.67268623024831,2272225.0158013543,53624.510372911966,536.2451037291197,0.018690177175596196
200,1,2,2127564159,40,140,8.057756662368774,0.02257990837097168,8.006745100021362,0.08006745100021362,163608.0,172632.0,1772,98652,40966,2.0483,55.67268623024831,2280687.2641083524,53824.21943295712,538.2421943295712,0.015864528171926115
200,1,3,687294632,40,140,7.943767070770264,0.023009538650512695,8.092501401901245,0.08092501401901245,164664.0,173496.0,1772,98652,40973,2.04865,55.67268623024831,2281076.972911964,53833.416560722355,538.3341656072236,0.014945575187874587
200,1,4,1168800754,40,140,7.939185619354248,0.022639989852905273,8.009665250778198,0.08009665250778199,164520.0,173160.0,1772,98652,40885,2.04425,55.67268623024831,2276177.7765237023,53717.79552595938,537.1779552595938,0.01657708570613618
200,2,0,1240433899,40,140,8.086723566055298,0.016193151473999023,5.91012716293335,0.0591012716293335,165876.0,174900.0,1772,98652,40816,2.0408,55.67268623024831,2272336.361173815,53627.13812370204,536.2713812370204,0.03082934439334079
200,2,1,462101676,40,140,8.110154867172241,0.01633596420288086,5.863656282424927,0.05863656282424927,165660.0,174684.0,1772,98652,40888,2.0444,55.67268623024831,2276344.794582393,53721.73715214448,537.2173715214448,0.01565357972691021
200,2,2,2075714945,40,140,8.086153268814087,0.0162966251373291,5.914697647094727,0.059146976470947264,165924.0,174756.0,1772,98652,40936,2.0468,55.67268623024831,2279017.083521445,53784.8031711061,537.848031711061,0.0332681318290227
200,2,3,2147462822,40,140,8.254539728164673,0.016455888748168945,5.913529872894287,0.059135298728942874,165620.0,174644.0,1772,98652,40895,2.04475,55.67268623024831,2276734.503386005,53730.934279909714,537.3093427990972,0.01770444172695151
200,2,4,685611839,40,140,8.147764205932617,0.016373157501220703,5.924618244171143,0.059246182441711426,165300.0,174516.0,1772,98652,40898,2.0449,55.67268623024831,2276901.5214446955,53734.87590609482,537.3487590609482,0.017079482250890447
200,4,0,1457942281,40,140,8.560676097869873,0.009429931640625,3.3623931407928467,0.033623931407928465,169452.0,178668.0,1772,98652,40908,2.0454,55.67268623024831,2277458.248306998,53748.014660045155,537.4801466004516,0.016465153925089647
200,4,1,1496727582,40,140,8.7470543384552,0.010635614395141602,3.400139808654785,0.034001398086547854,169108.0,178708.0,1772,98652,40828,2.0414,55.67268623024831,2273004.433408578,53642.90462844244,536.4290462844244,0.02340076010928643
200,4,2,686138021,40,140,8.605847597122192,0.009552001953125,3.424187660217285,0.03424187660217285,168936.0,177768.0,1772,98652,40948,2.0474,55.67268623024831,2279685.1557562076,53800.569675846506,538.0056967584651,0.03120821702503927
200,4,3,528457047,40,140,8.527231693267822,0.009452104568481445,3.467825174331665,0.03467825174331665,169400.0,178424.0,1772,98652,40999,2.04995,55.67268623024831,2282524.4627539506,53867.57732099324,538.6757732099323,0.019899291379397575
200,4,4,1219255464,40,140,8.447922945022583,0.009395360946655273,3.5216422080993652,0.03521642208099365,169108.0,177940.0,1772,98652,41047,2.05235,55.67268623024831,2285196.7516930024,53930.64333995486,539.3064333995486,0.026056926768344025
200,8,0,1500868864,40,140,9.382869005203247,0.007871866226196289,2.7087018489837646,0.027087018489837647,177044.0,186644.0,1772,98652,40882,2.0441,55.67268623024831,2276010.7584650116,53713.85389977427,537.1385389977427,0.024991488953027132
200,8,1,769196807,40,140,9.061919927597046,0.0077936649322509766,2.709303855895996,0.02709303855895996,177740.0,187148.0,1772,98652,40946,2.0473,55.67268623024831,2279573.8103837473,53797.941925056446,537.9794192505644,0.016948965347485617
200,8,2,508515155,40,140,9.211117506027222,0.008067607879638672,2.755199909210205,0.027551999092102052,176512.0,187072.0,1772,98652,40849,2.04245,55.67268623024831,2274173.5598194133,53670.496011738156,536.7049601173816,0.01570396030023605
200,8,3,844316006,40,140,9.270745754241943,0.007908344268798828,2.6897990703582764,0.026897990703582765,177016.0,186808.0,1772,98652,40951,2.04755,55.67268623024831,2279852.1738148984,53804.511302031606,538.0451130203161,0.026077318637633375
200,8,4,1606929232,40,140,9.133039951324463,0.0073642730712890625,2.533029079437256,0.02533029079437256,176560.0,186544.0,1772,98652,40993,2.04965,55.67268623024831,2282190.4266365687,53859.69406862303,538.5969406862303,0.024475160226162297
200,16,0,309899326,40,140,10.254335165023804,0.009845495223999023,3.2538585662841797,0.0325385856628418,192160.0,202912.0,1772,98652,40894,2.0447,55.67268623024831,2276678.8306997744,53729.62040451468,537.2962040451469,0.01015281348074525
200,16,1,2110090338,40,140,11.702579259872437,0.009906530380249023,3.2467544078826904,0.032467544078826904,193060.0,203236.0,1772,98652,40811,2.04055,55.67268623024831,2272057.9977426636,53620.568746726865,536.2056874672686,0.01598147253912306
200,16,2,1722704956,40,140,11.956934452056885,0.009646415710449219,3.1792187690734863,0.031792187690734865,192468.0,202452.0,1772,98652,40953,2.04765,55.67268623024831,2279963.519187359,53807.13905282168,538.0713905282169,0.03320108752702051
200,16,3,759507458,40,140,11.701904535293579,0.009816169738769531,3.262294054031372,0.03262294054031372,192584.0,202376.0,1772,98652,40949,2.04745,55.67268623024831,2279740.828442438,53801.88355124154,538.0188355124154,0.022242305830813384
200,16,4,525954194,40,140,11.705782651901245,0.00913691520690918,3.0077950954437256,0.030077950954437258,191904.0,202848.0,1772,98652,40836,2.0418,55.67268623024831,2273449.81489842,53653.41563160272,536.5341563160272,0.016569100660533433
