time_ms,mean_goal_distance,std_goal_distance
2.500000000000000000e+03,4.363571910286951550e+01,2.211645068826744165e+00
7.500000000000000000e+03,2.874942138334412078e+01,3.524093888485668735e+00
1.250000000000000000e+04,1.530932383138598141e+01,3.501225495459735715e+00
1.750000000000000000e+04,7.855429855916089998e+00,2.987053017874242933e+00
2.250000000000000000e+04,5.341915564042835740e+00,3.242706612892856555e+00
2.750000000000000000e+04,4.089312095860724305e+00,3.232224011975873612e+00
3.250000000000000000e+04,4.032788214975037810e+00,4.314498384826967126e+00
3.750000000000000000e+04,4.320228122764194545e+00,4.126454934431392552e+00
4.250000000000000000e+04,4.148446358875164997e+00,3.631625171149373887e+00
4.750000000000000000e+04,4.160001467436250877e+00,3.079087165734523790e+00
5.250000000000000000e+04,4.747936202098292036e+00,2.683527936089390220e+00
5.750000000000000000e+04,4.759812816503840693e+00,2.595695506731818814e+00
6.250000000000000000e+04,4.605911952944099497e+00,2.448933899175787854e+00
6.750000000000000000e+04,4.247781271376451784e+00,2.393661257145088150e+00
7.250000000000000000e+04,3.383502536811334949e+00,3.117647433985005101e+00
7.750000000000000000e+04,2.669509871725708194e+00,2.071596709991629037e+00
8.250000000000000000e+04,4.559228907505504580e+00,2.205856814162765911e+00
8.750000000000000000e+04,5.953472853688144717e+00,2.402463241147063222e+00
9.250000000000000000e+04,4.389423791723325863e+00,3.310265111703222463e+00
9.750000000000000000e+04,4.901822893430965777e+00,3.438548303608292223e+00
