goal_idx,run_idx,avg_relative_error_after_threshold
55,2,0.015831113087791632
37,9,0.08247907276538513
20,4,0.006311655452545211
37,1,0.07576667086932255
55,3,0.1448775500732871
20,7,0.00780807660298894
37,10,0.08063793633101302
20,3,0.008112857409614196
37,3,0.07466020475482017
20,6,0.020088545183862883
37,2,0.06300419536662107
20,10,0.14062663627745728
37,5,0.07914696073997432
20,2,0.003973737884447849
37,4,0.08354373835461622
37,8,0.08200201369143646
20,1,0.08362240671878815
55,1,0.07212347176329545
37,6,0.05378657334019284
20,8,0.09371539030633014
37,7,0.07874213399540735
20,5,0.05885596769817214
20,9,0.00930697129798105
55,4,0.03326807294548017
55,7,0.029569988537264124
55,5,0.010978887790901472
73,2,0.011891949819572077
73,6,0.038797066497710815
55,9,0.006663848919575932
55,10,0.07071663768903012
55,6,0.023615709757325302
73,7,0.015291598181286786
73,3,0.014659307783057482
73,5,0.047522162106675876
73,1,0.01256787990899153
55,8,0.006286333713876094
91,5,0.04221248658208852
73,9,0.013959824375060182
91,4,0.08797330009235045
91,2,0.06553952073071626
91,6,0.026097543167704716
91,3,0.09509266756743161
73,10,0.021424485956396646
73,4,0.010999036446365086
91,1,0.011843071124768104
91,8,0.05596353739849173
73,8,0.04329056223819327
91,7,0.06030346389048986
91,9,0.08229630823807206
108,2,0.12739289990166394
91,10,0.09658990928517759
108,3,0.03554304997032225
108,1,0.09657593900672831
108,6,0.10320472602776241
108,5,0.140154612682497
108,9,0.03913744732685929
108,4,0.0867340364706065
126,1,0.015741820880761353
126,4,0.00914727385586636
126,2,0.018068143904229863
108,7,0.01457460320864217
126,6,0.024191073310197576
108,8,0.013134694587452216
126,3,0.018996234902811483
126,7,0.014006190862860975
108,10,0.10413850614275899
126,5,0.024010813934247817
126,9,0.02936131152014112
144,2,0.0058061371708507895
126,8,0.029374686037957277
126,10,0.01506083148429972
144,1,0.030759634480056634
144,4,0.031067714066856593
144,3,0.07905118676586385
144,5,0.027061593017447507
144,8,0.009681624485239035
144,6,0.012504038158307956
144,10,0.017007356752875305
144,9,0.0402628158872786
144,7,0.010584807747083735
162,5,0.010821837981963813
162,4,0.017091025919609298
162,2,0.009117187266342678
162,1,0.0084210515561722
162,3,0.04461675991628585
162,7,0.0911599514056534
162,9,0.1090892448581505
162,6,0.054940811638390416
180,1,0.09476236879290514
162,10,0.22526596236358515
180,2,0.12277725802946239
180,5,0.10443929912741425
162,8,0.22564359030804826
180,4,0.13498281887251393
180,3,0.13466292648925451
180,6,0.10778048413384965
180,9,0.13378529404986672
180,7,0.13625133499700665
180,8,0.13319231411937643
180,10,0.13554774020912166
